<?xml version="1.0" encoding="utf-8"?>
<BlockDiagramDefaults>
  <SystemDefaults>
    <P Name="PaperOrientation">landscape</P>
    <P Name="PaperPositionMode">auto</P>
    <P Name="PaperType">usletter</P>
    <P Name="PaperUnits">inches</P>
    <P Name="TiledPaperMargins">[0.500000, 0.500000, 0.500000, 0.500000]</P>
    <P Name="TiledPageScale">1</P>
    <P Name="ShowPageBoundaries">off</P>
    <P Name="ModelBrowserVisibility">off</P>
    <P Name="ModelBrowserWidth">200</P>
    <P Name="ScreenColor">white</P>
    <P Name="ZoomFactor">100</P>
    <P Name="PortBlocksUseCompactNotation">off</P>
    <P Name="Open">off</P>
  </SystemDefaults>
  <BlockDefaults>
    <P Name="ForegroundColor">black</P>
    <P Name="BackgroundColor">white</P>
    <P Name="DropShadow">off</P>
    <P Name="NamePlacement">normal</P>
    <P Name="FontName">Helvetica</P>
    <P Name="FontSize">10</P>
    <P Name="FontWeight">normal</P>
    <P Name="FontAngle">normal</P>
    <P Name="ShowName">on</P>
    <P Name="HideAutomaticName">on</P>
    <P Name="BlockRotation">0</P>
    <P Name="BlockMirror">off</P>
  </BlockDefaults>
  <AnnotationDefaults>
    <P Name="HorizontalAlignment">left</P>
    <P Name="VerticalAlignment">top</P>
    <P Name="ForegroundColor">black</P>
    <P Name="BackgroundColor">white</P>
    <P Name="DropShadow">off</P>
    <P Name="FontName">Helvetica</P>
    <P Name="FontSize">10</P>
    <P Name="FontWeight">normal</P>
    <P Name="FontAngle">normal</P>
    <P Name="MarkupType">model</P>
    <P Name="UseDisplayTextAsClickCallback">off</P>
    <P Name="AnnotationType">note_annotation</P>
    <P Name="FixedHeight">off</P>
    <P Name="FixedWidth">off</P>
    <P Name="Interpreter">off</P>
  </AnnotationDefaults>
  <LineDefaults>
    <P Name="FontName">Helvetica</P>
    <P Name="FontSize">9</P>
    <P Name="FontWeight">normal</P>
    <P Name="FontAngle">normal</P>
  </LineDefaults>
  <MaskDefaults SelfModifiable="off">
    <Display IconFrame="on" IconOpaque="opaque" RunInitForIconRedraw="analyze" IconRotate="none" PortRotate="default" IconUnits="autoscale"/>
    <MaskParameter Evaluate="on" Tunable="on" NeverSave="off" Internal="off" ReadOnly="off" Enabled="on" Visible="on" ToolTip="on"/>
    <DialogControl>
      <ControlOptions Visible="on" Enabled="on" Row="new" HorizontalStretch="on" PromptLocation="top" Orientation="horizontal" Expand="off" ShowFilter="on" ShowParameterName="on" WordWrap="on" AlignPrompts="off"/>
    </DialogControl>
  </MaskDefaults>
  <BlockParameterDefaults>
    <Block BlockType="Abs">
      <P Name="ZeroCross">on</P>
      <P Name="SampleTime">-1</P>
      <P Name="OutMin">[]</P>
      <P Name="OutMax">[]</P>
      <P Name="OutDataTypeStr">Inherit: Same as input</P>
      <P Name="LockScale">off</P>
      <P Name="RndMeth">Floor</P>
      <P Name="SaturateOnIntegerOverflow">on</P>
    </Block>
    <Block BlockType="BusCreator">
      <P Name="DisplayOption">none</P>
      <P Name="OutDataTypeStr">Inherit: auto</P>
      <P Name="NonVirtualBus">off</P>
    </Block>
    <Block BlockType="BusSelector"/>
    <Block BlockType="BusToVector"/>
    <Block BlockType="Concatenate">
      <P Name="NumInputs">2</P>
      <P Name="Mode">Vector</P>
      <P Name="ConcatenateDimension">1</P>
    </Block>
    <Block BlockType="Constant">
      <P Name="Value">1</P>
      <P Name="VectorParams1D">on</P>
      <P Name="SamplingMode">Sample based</P>
      <P Name="OutMin">[]</P>
      <P Name="OutMax">[]</P>
      <P Name="OutDataTypeStr">Inherit: Inherit from &apos;Constant value&apos;</P>
      <P Name="LockScale">off</P>
      <P Name="SampleTime">inf</P>
      <P Name="FramePeriod">inf</P>
      <P Name="PreserveConstantTs">off</P>
    </Block>
    <Block BlockType="DataTypeConversion">
      <P Name="OutMin">[]</P>
      <P Name="OutMax">[]</P>
      <P Name="OutDataTypeStr">Inherit: Inherit via back propagation</P>
      <P Name="LockScale">off</P>
      <P Name="ConvertRealWorld">Real World Value (RWV)</P>
      <P Name="RndMeth">Zero</P>
      <P Name="SaturateOnIntegerOverflow">on</P>
      <P Name="SampleTime">-1</P>
    </Block>
    <Block BlockType="DeadZone">
      <P Name="LowerValue">-0.5</P>
      <P Name="UpperValue">0.5</P>
      <P Name="SaturateOnIntegerOverflow">on</P>
      <P Name="LinearizeAsGain">on</P>
      <P Name="ZeroCross">on</P>
      <P Name="SampleTime">-1</P>
    </Block>
    <Block BlockType="Demux">
      <P Name="Outputs">4</P>
      <P Name="DisplayOption">none</P>
      <P Name="BusSelectionMode">off</P>
    </Block>
    <Block BlockType="DiscreteTransferFcn">
      <P Name="NumeratorSource">Dialog</P>
      <P Name="Numerator">[1]</P>
      <P Name="DenominatorSource">Dialog</P>
      <P Name="Denominator">[1 0.5]</P>
      <P Name="InitialStatesSource">Dialog</P>
      <P Name="InitialStates">0</P>
      <P Name="InputProcessing">Elements as channels (sample based)</P>
      <P Name="ExternalReset">None</P>
      <P Name="InitialDenominatorStates">0</P>
      <P Name="FilterStructure">Direct form II</P>
      <P Name="SampleTime">-1</P>
      <P Name="a0EqualsOne">off</P>
      <P Name="NumCoefMin">[]</P>
      <P Name="NumCoefMax">[]</P>
      <P Name="DenCoefMin">[]</P>
      <P Name="DenCoefMax">[]</P>
      <P Name="OutMin">[]</P>
      <P Name="OutMax">[]</P>
      <P Name="StateDataTypeStr">Inherit: Same as input</P>
      <P Name="MultiplicandDataTypeStr">Inherit: Same as input</P>
      <P Name="NumCoefDataTypeStr">Inherit: Inherit via internal rule</P>
      <P Name="DenCoefDataTypeStr">Inherit: Inherit via internal rule</P>
      <P Name="NumProductDataTypeStr">Inherit: Inherit via internal rule</P>
      <P Name="DenProductDataTypeStr">Inherit: Inherit via internal rule</P>
      <P Name="NumAccumDataTypeStr">Inherit: Inherit via internal rule</P>
      <P Name="DenAccumDataTypeStr">Inherit: Inherit via internal rule</P>
      <P Name="OutDataTypeStr">Inherit: Inherit via internal rule</P>
      <P Name="LockScale">off</P>
      <P Name="RndMeth">Floor</P>
      <P Name="SaturateOnIntegerOverflow">off</P>
      <P Name="StateMustResolveToSignalObject">off</P>
      <P Name="RTWStateStorageClass">Auto</P>
    </Block>
    <Block BlockType="From">
      <P Name="GotoTag">A</P>
      <P Name="IconDisplay">Tag</P>
      <P Name="TagVisibility">local</P>
    </Block>
    <Block BlockType="Gain">
      <P Name="Gain">1</P>
      <P Name="Multiplication">Element-wise(K.*u)</P>
      <P Name="ParamMin">[]</P>
      <P Name="ParamMax">[]</P>
      <P Name="ParamDataTypeStr">Inherit: Same as input</P>
      <P Name="OutMin">[]</P>
      <P Name="OutMax">[]</P>
      <P Name="OutDataTypeStr">Inherit: Same as input</P>
      <P Name="LockScale">off</P>
      <P Name="RndMeth">Floor</P>
      <P Name="SaturateOnIntegerOverflow">on</P>
      <P Name="SampleTime">-1</P>
    </Block>
    <Block BlockType="Goto">
      <P Name="GotoTag">A</P>
      <P Name="IconDisplay">Tag</P>
      <P Name="TagVisibility">local</P>
    </Block>
    <Block BlockType="Ground"/>
    <Block BlockType="Inport">
      <P Name="Port">1</P>
      <P Name="OutputFunctionCall">off</P>
      <P Name="OutMin">[]</P>
      <P Name="OutMax">[]</P>
      <P Name="OutDataTypeStr">Inherit: auto</P>
      <P Name="LockScale">off</P>
      <P Name="BusOutputAsStruct">off</P>
      <P Name="Unit">inherit</P>
      <P Name="PortDimensions">-1</P>
      <P Name="VarSizeSig">Inherit</P>
      <P Name="SampleTime">-1</P>
      <P Name="SignalType">auto</P>
      <P Name="SamplingMode">auto</P>
      <P Name="LatchByDelayingOutsideSignal">off</P>
      <P Name="LatchInputForFeedbackSignals">off</P>
      <P Name="Interpolate">on</P>
    </Block>
    <Block BlockType="Integrator">
      <P Name="ExternalReset">none</P>
      <P Name="InitialConditionSource">internal</P>
      <P Name="InitialCondition">0</P>
      <P Name="LimitOutput">off</P>
      <P Name="UpperSaturationLimit">inf</P>
      <P Name="LowerSaturationLimit">-inf</P>
      <P Name="WrapState">off</P>
      <P Name="WrappedStateUpperValue">pi</P>
      <P Name="WrappedStateLowerValue">-pi</P>
      <P Name="ShowSaturationPort">off</P>
      <P Name="ShowStatePort">off</P>
      <P Name="AbsoluteTolerance">auto</P>
      <P Name="IgnoreLimit">off</P>
      <P Name="ZeroCross">on</P>
      <P Name="ContinuousStateAttributes">&apos;&apos;</P>
    </Block>
    <Block BlockType="LampBlock">
      <P Name="LabelPosition">Top</P>
      <P Name="ShowInitialText">on</P>
    </Block>
    <Block BlockType="Logic">
      <P Name="Operator">AND</P>
      <P Name="Inputs">2</P>
      <P Name="IconShape">rectangular</P>
      <P Name="AllPortsSameDT">on</P>
      <P Name="OutDataTypeStr">Inherit: Logical (see Configuration Parameters: Optimization)</P>
      <P Name="SampleTime">-1</P>
    </Block>
    <Block BlockType="Lookup_n-D">
      <P Name="NumberOfTableDimensions">2</P>
      <P Name="DataSpecification">Table and breakpoints</P>
      <P Name="BreakpointsSpecification">Explicit values</P>
      <P Name="BreakpointsForDimension1">[10,22,31]</P>
      <P Name="BreakpointsForDimension2">[10,22,31]</P>
      <P Name="BreakpointsForDimension3">[1:3]</P>
      <P Name="BreakpointsForDimension4">[1:3]</P>
      <P Name="BreakpointsForDimension5">[1:3]</P>
      <P Name="BreakpointsForDimension6">[1:3]</P>
      <P Name="BreakpointsForDimension7">[1:3]</P>
      <P Name="BreakpointsForDimension8">[1:3]</P>
      <P Name="BreakpointsForDimension9">[1:3]</P>
      <P Name="BreakpointsForDimension10">[1:3]</P>
      <P Name="BreakpointsForDimension11">[1:3]</P>
      <P Name="BreakpointsForDimension12">[1:3]</P>
      <P Name="BreakpointsForDimension13">[1:3]</P>
      <P Name="BreakpointsForDimension14">[1:3]</P>
      <P Name="BreakpointsForDimension15">[1:3]</P>
      <P Name="BreakpointsForDimension16">[1:3]</P>
      <P Name="BreakpointsForDimension17">[1:3]</P>
      <P Name="BreakpointsForDimension18">[1:3]</P>
      <P Name="BreakpointsForDimension19">[1:3]</P>
      <P Name="BreakpointsForDimension20">[1:3]</P>
      <P Name="BreakpointsForDimension21">[1:3]</P>
      <P Name="BreakpointsForDimension22">[1:3]</P>
      <P Name="BreakpointsForDimension23">[1:3]</P>
      <P Name="BreakpointsForDimension24">[1:3]</P>
      <P Name="BreakpointsForDimension25">[1:3]</P>
      <P Name="BreakpointsForDimension26">[1:3]</P>
      <P Name="BreakpointsForDimension27">[1:3]</P>
      <P Name="BreakpointsForDimension28">[1:3]</P>
      <P Name="BreakpointsForDimension29">[1:3]</P>
      <P Name="BreakpointsForDimension30">[1:3]</P>
      <P Name="BreakpointsForDimension1FirstPoint">1</P>
      <P Name="BreakpointsForDimension2FirstPoint">1</P>
      <P Name="BreakpointsForDimension3FirstPoint">1</P>
      <P Name="BreakpointsForDimension4FirstPoint">1</P>
      <P Name="BreakpointsForDimension5FirstPoint">1</P>
      <P Name="BreakpointsForDimension6FirstPoint">1</P>
      <P Name="BreakpointsForDimension7FirstPoint">1</P>
      <P Name="BreakpointsForDimension8FirstPoint">1</P>
      <P Name="BreakpointsForDimension9FirstPoint">1</P>
      <P Name="BreakpointsForDimension10FirstPoint">1</P>
      <P Name="BreakpointsForDimension11FirstPoint">1</P>
      <P Name="BreakpointsForDimension12FirstPoint">1</P>
      <P Name="BreakpointsForDimension13FirstPoint">1</P>
      <P Name="BreakpointsForDimension14FirstPoint">1</P>
      <P Name="BreakpointsForDimension15FirstPoint">1</P>
      <P Name="BreakpointsForDimension16FirstPoint">1</P>
      <P Name="BreakpointsForDimension17FirstPoint">1</P>
      <P Name="BreakpointsForDimension18FirstPoint">1</P>
      <P Name="BreakpointsForDimension19FirstPoint">1</P>
      <P Name="BreakpointsForDimension20FirstPoint">1</P>
      <P Name="BreakpointsForDimension21FirstPoint">1</P>
      <P Name="BreakpointsForDimension22FirstPoint">1</P>
      <P Name="BreakpointsForDimension23FirstPoint">1</P>
      <P Name="BreakpointsForDimension24FirstPoint">1</P>
      <P Name="BreakpointsForDimension25FirstPoint">1</P>
      <P Name="BreakpointsForDimension26FirstPoint">1</P>
      <P Name="BreakpointsForDimension27FirstPoint">1</P>
      <P Name="BreakpointsForDimension28FirstPoint">1</P>
      <P Name="BreakpointsForDimension29FirstPoint">1</P>
      <P Name="BreakpointsForDimension30FirstPoint">1</P>
      <P Name="BreakpointsForDimension1Spacing">1</P>
      <P Name="BreakpointsForDimension2Spacing">1</P>
      <P Name="BreakpointsForDimension3Spacing">1</P>
      <P Name="BreakpointsForDimension4Spacing">1</P>
      <P Name="BreakpointsForDimension5Spacing">1</P>
      <P Name="BreakpointsForDimension6Spacing">1</P>
      <P Name="BreakpointsForDimension7Spacing">1</P>
      <P Name="BreakpointsForDimension8Spacing">1</P>
      <P Name="BreakpointsForDimension9Spacing">1</P>
      <P Name="BreakpointsForDimension10Spacing">1</P>
      <P Name="BreakpointsForDimension11Spacing">1</P>
      <P Name="BreakpointsForDimension12Spacing">1</P>
      <P Name="BreakpointsForDimension13Spacing">1</P>
      <P Name="BreakpointsForDimension14Spacing">1</P>
      <P Name="BreakpointsForDimension15Spacing">1</P>
      <P Name="BreakpointsForDimension16Spacing">1</P>
      <P Name="BreakpointsForDimension17Spacing">1</P>
      <P Name="BreakpointsForDimension18Spacing">1</P>
      <P Name="BreakpointsForDimension19Spacing">1</P>
      <P Name="BreakpointsForDimension20Spacing">1</P>
      <P Name="BreakpointsForDimension21Spacing">1</P>
      <P Name="BreakpointsForDimension22Spacing">1</P>
      <P Name="BreakpointsForDimension23Spacing">1</P>
      <P Name="BreakpointsForDimension24Spacing">1</P>
      <P Name="BreakpointsForDimension25Spacing">1</P>
      <P Name="BreakpointsForDimension26Spacing">1</P>
      <P Name="BreakpointsForDimension27Spacing">1</P>
      <P Name="BreakpointsForDimension28Spacing">1</P>
      <P Name="BreakpointsForDimension29Spacing">1</P>
      <P Name="BreakpointsForDimension30Spacing">1</P>
      <P Name="BreakpointsForDimension1Min">[]</P>
      <P Name="BreakpointsForDimension2Min">[]</P>
      <P Name="BreakpointsForDimension3Min">[]</P>
      <P Name="BreakpointsForDimension4Min">[]</P>
      <P Name="BreakpointsForDimension5Min">[]</P>
      <P Name="BreakpointsForDimension6Min">[]</P>
      <P Name="BreakpointsForDimension7Min">[]</P>
      <P Name="BreakpointsForDimension8Min">[]</P>
      <P Name="BreakpointsForDimension9Min">[]</P>
      <P Name="BreakpointsForDimension10Min">[]</P>
      <P Name="BreakpointsForDimension11Min">[]</P>
      <P Name="BreakpointsForDimension12Min">[]</P>
      <P Name="BreakpointsForDimension13Min">[]</P>
      <P Name="BreakpointsForDimension14Min">[]</P>
      <P Name="BreakpointsForDimension15Min">[]</P>
      <P Name="BreakpointsForDimension16Min">[]</P>
      <P Name="BreakpointsForDimension17Min">[]</P>
      <P Name="BreakpointsForDimension18Min">[]</P>
      <P Name="BreakpointsForDimension19Min">[]</P>
      <P Name="BreakpointsForDimension20Min">[]</P>
      <P Name="BreakpointsForDimension21Min">[]</P>
      <P Name="BreakpointsForDimension22Min">[]</P>
      <P Name="BreakpointsForDimension23Min">[]</P>
      <P Name="BreakpointsForDimension24Min">[]</P>
      <P Name="BreakpointsForDimension25Min">[]</P>
      <P Name="BreakpointsForDimension26Min">[]</P>
      <P Name="BreakpointsForDimension27Min">[]</P>
      <P Name="BreakpointsForDimension28Min">[]</P>
      <P Name="BreakpointsForDimension29Min">[]</P>
      <P Name="BreakpointsForDimension30Min">[]</P>
      <P Name="BreakpointsForDimension1Max">[]</P>
      <P Name="BreakpointsForDimension2Max">[]</P>
      <P Name="BreakpointsForDimension3Max">[]</P>
      <P Name="BreakpointsForDimension4Max">[]</P>
      <P Name="BreakpointsForDimension5Max">[]</P>
      <P Name="BreakpointsForDimension6Max">[]</P>
      <P Name="BreakpointsForDimension7Max">[]</P>
      <P Name="BreakpointsForDimension8Max">[]</P>
      <P Name="BreakpointsForDimension9Max">[]</P>
      <P Name="BreakpointsForDimension10Max">[]</P>
      <P Name="BreakpointsForDimension11Max">[]</P>
      <P Name="BreakpointsForDimension12Max">[]</P>
      <P Name="BreakpointsForDimension13Max">[]</P>
      <P Name="BreakpointsForDimension14Max">[]</P>
      <P Name="BreakpointsForDimension15Max">[]</P>
      <P Name="BreakpointsForDimension16Max">[]</P>
      <P Name="BreakpointsForDimension17Max">[]</P>
      <P Name="BreakpointsForDimension18Max">[]</P>
      <P Name="BreakpointsForDimension19Max">[]</P>
      <P Name="BreakpointsForDimension20Max">[]</P>
      <P Name="BreakpointsForDimension21Max">[]</P>
      <P Name="BreakpointsForDimension22Max">[]</P>
      <P Name="BreakpointsForDimension23Max">[]</P>
      <P Name="BreakpointsForDimension24Max">[]</P>
      <P Name="BreakpointsForDimension25Max">[]</P>
      <P Name="BreakpointsForDimension26Max">[]</P>
      <P Name="BreakpointsForDimension27Max">[]</P>
      <P Name="BreakpointsForDimension28Max">[]</P>
      <P Name="BreakpointsForDimension29Max">[]</P>
      <P Name="BreakpointsForDimension30Max">[]</P>
      <P Name="BreakpointsForDimension1DataTypeStr">Inherit: Same as corresponding input</P>
      <P Name="BreakpointsForDimension2DataTypeStr">Inherit: Same as corresponding input</P>
      <P Name="BreakpointsForDimension3DataTypeStr">Inherit: Same as corresponding input</P>
      <P Name="BreakpointsForDimension4DataTypeStr">Inherit: Same as corresponding input</P>
      <P Name="BreakpointsForDimension5DataTypeStr">Inherit: Same as corresponding input</P>
      <P Name="BreakpointsForDimension6DataTypeStr">Inherit: Same as corresponding input</P>
      <P Name="BreakpointsForDimension7DataTypeStr">Inherit: Same as corresponding input</P>
      <P Name="BreakpointsForDimension8DataTypeStr">Inherit: Same as corresponding input</P>
      <P Name="BreakpointsForDimension9DataTypeStr">Inherit: Same as corresponding input</P>
      <P Name="BreakpointsForDimension10DataTypeStr">Inherit: Same as corresponding input</P>
      <P Name="BreakpointsForDimension11DataTypeStr">Inherit: Same as corresponding input</P>
      <P Name="BreakpointsForDimension12DataTypeStr">Inherit: Same as corresponding input</P>
      <P Name="BreakpointsForDimension13DataTypeStr">Inherit: Same as corresponding input</P>
      <P Name="BreakpointsForDimension14DataTypeStr">Inherit: Same as corresponding input</P>
      <P Name="BreakpointsForDimension15DataTypeStr">Inherit: Same as corresponding input</P>
      <P Name="BreakpointsForDimension16DataTypeStr">Inherit: Same as corresponding input</P>
      <P Name="BreakpointsForDimension17DataTypeStr">Inherit: Same as corresponding input</P>
      <P Name="BreakpointsForDimension18DataTypeStr">Inherit: Same as corresponding input</P>
      <P Name="BreakpointsForDimension19DataTypeStr">Inherit: Same as corresponding input</P>
      <P Name="BreakpointsForDimension20DataTypeStr">Inherit: Same as corresponding input</P>
      <P Name="BreakpointsForDimension21DataTypeStr">Inherit: Same as corresponding input</P>
      <P Name="BreakpointsForDimension22DataTypeStr">Inherit: Same as corresponding input</P>
      <P Name="BreakpointsForDimension23DataTypeStr">Inherit: Same as corresponding input</P>
      <P Name="BreakpointsForDimension24DataTypeStr">Inherit: Same as corresponding input</P>
      <P Name="BreakpointsForDimension25DataTypeStr">Inherit: Same as corresponding input</P>
      <P Name="BreakpointsForDimension26DataTypeStr">Inherit: Same as corresponding input</P>
      <P Name="BreakpointsForDimension27DataTypeStr">Inherit: Same as corresponding input</P>
      <P Name="BreakpointsForDimension28DataTypeStr">Inherit: Same as corresponding input</P>
      <P Name="BreakpointsForDimension29DataTypeStr">Inherit: Same as corresponding input</P>
      <P Name="BreakpointsForDimension30DataTypeStr">Inherit: Same as corresponding input</P>
      <P Name="IndexSearchMethod">Binary search</P>
      <P Name="BeginIndexSearchUsingPreviousIndexResult">off</P>
      <P Name="UseOneInputPortForAllInputData">off</P>
      <P Name="Table">[4 5 6;16 19 20;10 18 23]</P>
      <P Name="TableMin">[]</P>
      <P Name="TableMax">[]</P>
      <P Name="TableDataTypeStr">Inherit: Same as output</P>
      <P Name="IntermediateResultsDataTypeStr">Inherit: Same as output</P>
      <P Name="InterpMethod">Linear point-slope</P>
      <P Name="ExtrapMethod">Linear</P>
      <P Name="DiagnosticForOutOfRangeInput">None</P>
      <P Name="RemoveProtectionInput">off</P>
      <P Name="UseLastTableValue">off</P>
      <P Name="SampleTime">-1</P>
      <P Name="InternalRulePriority">Precision</P>
      <P Name="InputSameDT">on</P>
      <P Name="OutMin">[]</P>
      <P Name="OutMax">[]</P>
      <P Name="OutDataTypeStr">Inherit: Same as first input</P>
      <P Name="LockScale">off</P>
      <P Name="RndMeth">Floor</P>
      <P Name="SaturateOnIntegerOverflow">off</P>
      <P Name="FractionDataTypeStr">Inherit: Inherit via internal rule</P>
      <P Name="SupportTunableTableSize">off</P>
      <P Name="MaximumIndicesForEachDimension">[]</P>
      <P Name="LUTDesignTableMode">Redesign Table</P>
      <P Name="LUTDesignDataSource">Block Dialog</P>
      <P Name="LUTDesignFunctionName">sqrt(x)</P>
      <P Name="LUTDesignUseExistingBP">on</P>
      <P Name="LUTDesignRelError">0.01</P>
      <P Name="LUTDesignAbsError">1e-6</P>
    </Block>
    <Block BlockType="ModelReference">
      <P Name="ModelNameDialog">&lt;Enter Model Name&gt;</P>
      <P Name="SimulationMode">Accelerator</P>
      <P Name="ShowModelInitializePort">off</P>
      <P Name="ShowModelResetPorts">off</P>
      <P Name="ShowModelTerminatePort">off</P>
      <P Name="ShowModelPeriodicEventPorts">off</P>
      <P Name="CachedPortDiscreteRates">[-2]</P>
      <P Name="AutoFillPortDiscreteRates">on</P>
      <P Name="CodeInterface">Model reference</P>
      <P Name="Variant">off</P>
      <P Name="GeneratePreprocessorConditionals">off</P>
      <P Name="ContentPreviewEnabled">off</P>
      <P Name="CopyOfModelProtected">off</P>
    </Block>
    <Block BlockType="Mux">
      <P Name="Inputs">4</P>
      <P Name="DisplayOption">none</P>
      <P Name="UseBusObject">off</P>
      <P Name="BusObject">BusObject</P>
      <P Name="NonVirtualBus">off</P>
    </Block>
    <Block BlockType="Outport">
      <P Name="Port">1</P>
      <P Name="OutMin">[]</P>
      <P Name="OutMax">[]</P>
      <P Name="OutDataTypeStr">Inherit: auto</P>
      <P Name="LockScale">off</P>
      <P Name="BusOutputAsStruct">off</P>
      <P Name="Unit">inherit</P>
      <P Name="PortDimensions">-1</P>
      <P Name="VarSizeSig">Inherit</P>
      <P Name="SampleTime">-1</P>
      <P Name="SignalType">auto</P>
      <P Name="SamplingMode">auto</P>
      <P Name="EnsureOutportIsVirtual">off</P>
      <P Name="SourceOfInitialOutputValue">Dialog</P>
      <P Name="OutputWhenDisabled">held</P>
      <P Name="InitialOutput">[]</P>
      <P Name="MustResolveToSignalObject">off</P>
      <P Name="OutputWhenUnConnected">off</P>
      <P Name="OutputWhenUnconnectedValue">0</P>
      <P Name="VectorParamsAs1DForOutWhenUnconnected">off</P>
    </Block>
    <Block BlockType="RateTransition">
      <P Name="Integrity">on</P>
      <P Name="Deterministic">on</P>
      <P Name="InitialCondition">0</P>
      <P Name="OutPortSampleTimeOpt">Specify</P>
      <P Name="OutPortSampleTimeMultiple">1</P>
      <P Name="OutPortSampleTime">-1</P>
    </Block>
    <Block BlockType="RelationalOperator">
      <P Name="Operator">&gt;=</P>
      <P Name="InputSameDT">on</P>
      <P Name="OutDataTypeStr">Inherit: Logical (see Configuration Parameters: Optimization)</P>
      <P Name="ZeroCross">on</P>
      <P Name="SampleTime">-1</P>
      <P Name="RndMeth">Nearest</P>
    </Block>
    <Block BlockType="S-Function">
      <P Name="FunctionName">system</P>
      <P Name="SFunctionModules">&apos;&apos;</P>
      <P Name="PortCounts">[]</P>
      <P Name="MultiThreadCoSim">auto</P>
    </Block>
    <Block BlockType="Saturate">
      <P Name="UpperLimitSource">Dialog</P>
      <P Name="UpperLimit">0.5</P>
      <P Name="LowerLimitSource">Dialog</P>
      <P Name="LowerLimit">-0.5</P>
      <P Name="LinearizeAsGain">on</P>
      <P Name="ZeroCross">on</P>
      <P Name="SampleTime">-1</P>
      <P Name="OutMin">[]</P>
      <P Name="OutMax">[]</P>
      <P Name="OutDataTypeStr">Inherit: Same as input</P>
      <P Name="LockScale">off</P>
      <P Name="RndMeth">Floor</P>
    </Block>
    <Block BlockType="Scope">
      <P Name="DefaultConfigurationName">Simulink.scopes.TimeScopeBlockCfg</P>
    </Block>
    <Block BlockType="SignalSpecification">
      <P Name="OutMin">[]</P>
      <P Name="OutMax">[]</P>
      <P Name="OutDataTypeStr">Inherit: auto</P>
      <P Name="LockScale">off</P>
      <P Name="BusOutputAsStruct">off</P>
      <P Name="Unit">inherit</P>
      <P Name="Dimensions">-1</P>
      <P Name="VarSizeSig">Inherit</P>
      <P Name="SampleTime">-1</P>
      <P Name="SignalType">auto</P>
      <P Name="SamplingMode">auto</P>
    </Block>
    <Block BlockType="SubSystem">
      <P Name="ShowPortLabels">FromPortIcon</P>
      <P Name="Permissions">ReadWrite</P>
      <P Name="PermitHierarchicalResolution">All</P>
      <P Name="TreatAsAtomicUnit">off</P>
      <P Name="MinAlgLoopOccurrences">off</P>
      <P Name="PropExecContextOutsideSubsystem">off</P>
      <P Name="SystemSampleTime">-1</P>
      <P Name="RTWSystemCode">Auto</P>
      <P Name="RTWFcnNameOpts">Auto</P>
      <P Name="RTWFileNameOpts">Auto</P>
      <P Name="FunctionInterfaceSpec">void_void</P>
      <P Name="FunctionWithSeparateData">off</P>
      <P Name="RTWMemSecFuncInitTerm">Inherit from model</P>
      <P Name="RTWMemSecFuncExecute">Inherit from model</P>
      <P Name="RTWMemSecDataConstants">Inherit from model</P>
      <P Name="RTWMemSecDataInternal">Inherit from model</P>
      <P Name="RTWMemSecDataParameters">Inherit from model</P>
      <P Name="SimViewingDevice">off</P>
      <P Name="DataTypeOverride">UseLocalSettings</P>
      <P Name="DataTypeOverrideAppliesTo">AllNumericTypes</P>
      <P Name="MinMaxOverflowLogging">UseLocalSettings</P>
      <P Name="Opaque">off</P>
      <P Name="MaskHideContents">off</P>
      <P Name="SFBlockType">NONE</P>
      <P Name="Variant">off</P>
      <P Name="GeneratePreprocessorConditionals">off</P>
      <P Name="AllowZeroVariantControls">off</P>
      <P Name="PropagateVariantConditions">off</P>
      <P Name="TreatAsGroupedWhenPropagatingVariantConditions">on</P>
      <P Name="ContentPreviewEnabled">off</P>
      <P Name="IsWebBlock">off</P>
      <P Name="IsObserver">off</P>
    </Block>
    <Block BlockType="Sum">
      <P Name="IconShape">rectangular</P>
      <P Name="Inputs">++</P>
      <P Name="CollapseMode">All dimensions</P>
      <P Name="CollapseDim">1</P>
      <P Name="InputSameDT">on</P>
      <P Name="AccumDataTypeStr">Inherit: Inherit via internal rule</P>
      <P Name="OutMin">[]</P>
      <P Name="OutMax">[]</P>
      <P Name="OutDataTypeStr">Inherit: Same as first input</P>
      <P Name="LockScale">off</P>
      <P Name="RndMeth">Floor</P>
      <P Name="SaturateOnIntegerOverflow">on</P>
      <P Name="SampleTime">-1</P>
    </Block>
    <Block BlockType="Switch">
      <P Name="Criteria">u2 &gt;= Threshold</P>
      <P Name="Threshold">0</P>
      <P Name="InputSameDT">on</P>
      <P Name="OutMin">[]</P>
      <P Name="OutMax">[]</P>
      <P Name="OutDataTypeStr">Inherit: Inherit via internal rule</P>
      <P Name="LockScale">off</P>
      <P Name="RndMeth">Floor</P>
      <P Name="SaturateOnIntegerOverflow">on</P>
      <P Name="ZeroCross">on</P>
      <P Name="SampleTime">-1</P>
      <P Name="AllowDiffInputSizes">off</P>
    </Block>
    <Block BlockType="Terminator"/>
    <Block BlockType="TriggerPort">
      <P Name="TriggerType">rising</P>
      <P Name="IsSimulinkFunction">off</P>
      <P Name="FunctionVisibility">global</P>
      <P Name="Variant">off</P>
      <P Name="GeneratePreprocessorConditionals">off</P>
      <P Name="StatesWhenEnabling">inherit</P>
      <P Name="PropagateVarSize">During execution</P>
      <P Name="ShowOutputPort">off</P>
      <P Name="OutputDataType">auto</P>
      <P Name="SampleTimeType">triggered</P>
      <P Name="SampleTime">1</P>
      <P Name="ZeroCross">on</P>
      <P Name="DisallowConstTsAndPrmTs">off</P>
      <P Name="InitialTriggerSignalState">compatibility (no trigger on first evaluation)</P>
      <P Name="PortDimensions">-1</P>
      <P Name="TriggerSignalSampleTime">-1</P>
      <P Name="OutMin">[]</P>
      <P Name="OutMax">[]</P>
      <P Name="OutDataTypeStr">Inherit: auto</P>
      <P Name="Interpolate">on</P>
    </Block>
    <Block BlockType="UnaryMinus">
      <P Name="SampleTime">-1</P>
      <P Name="SaturateOnIntegerOverflow">off</P>
    </Block>
    <Block BlockType="UnitConversion">
      <P Name="OutputType">Inherit: Inherit via internal rule</P>
    </Block>
  </BlockParameterDefaults>
</BlockDiagramDefaults>
