<?xml version="1.0" encoding="utf-8"?>
<GraphicalInterface>
  <P Name="NumRootInports">0</P>
  <P Name="NumRootOutports">0</P>
  <P Name="ParameterArgumentNames"/>
  <P Name="NumModelReferences">4</P>
  <ModelReference>
    <P Name="ModelRefBlockPath">$bdroot/Passenger Vehicle/Body, Suspension, Wheels/PassVeh14DOF|PassVeh14DOF</P>
  </ModelReference>
  <ModelReference>
    <P Name="ModelRefBlockPath">$bdroot/Passenger Vehicle/Body, Suspension, Wheels/PassVeh7DOF|PassVeh7DOF</P>
  </ModelReference>
  <ModelReference>
    <P Name="ModelRefBlockPath">$bdroot/Passenger Vehicle/Engine/Ideal Mapped Engine|SiMappedEngineV</P>
  </ModelReference>
  <ModelReference>
    <P Name="ModelRefBlockPath">$bdroot/Passenger Vehicle/Steering, Transmission, Driveline and Brakes/Driveline Ideal Fixed Gear|Driveline</P>
  </ModelReference>
  <P Name="NumTestPointedSignals">17</P>
  <TestPointedSignal>
    <P Name="SignalName"/>
    <P Name="FullBlockPath">$bdroot/Lane Change Reference Generator</P>
    <P Name="PortIndex">2</P>
    <P Name="LogSignal">1</P>
    <P Name="MaxPoints">5000</P>
    <P Name="Decimation">2</P>
  </TestPointedSignal>
  <TestPointedSignal>
    <P Name="SignalName">Controller</P>
    <P Name="FullBlockPath">$bdroot/Controllers/Bus Creator3</P>
    <P Name="LogSignal">1</P>
    <P Name="MaxPoints">5000</P>
    <P Name="Decimation">2</P>
  </TestPointedSignal>
  <TestPointedSignal>
    <P Name="SignalName"/>
    <P Name="FullBlockPath">$bdroot/Lane Change Reference Generator/ISO 3888-2/LatchSwitchCont</P>
    <P Name="LogSignal">1</P>
    <P Name="MaxPoints">5000</P>
    <P Name="Decimation">2</P>
  </TestPointedSignal>
  <TestPointedSignal>
    <P Name="SignalName"/>
    <P Name="FullBlockPath">$bdroot/Predictive Driver/Cascade-Forward Neural Network</P>
    <P Name="LogSignal">1</P>
    <P Name="MaxPoints">5000</P>
    <P Name="Decimation">2</P>
  </TestPointedSignal>
  <TestPointedSignal>
    <P Name="SignalName"/>
    <P Name="FullBlockPath">$bdroot/Predictive Driver/Dead Zone</P>
    <P Name="LogSignal">1</P>
    <P Name="MaxPoints">5000</P>
    <P Name="Decimation">2</P>
  </TestPointedSignal>
  <TestPointedSignal>
    <P Name="SignalName"/>
    <P Name="FullBlockPath">$bdroot/Predictive Driver/Linear Predictive Driver</P>
    <P Name="LogSignal">1</P>
    <P Name="MaxPoints">5000</P>
    <P Name="Decimation">2</P>
  </TestPointedSignal>
  <TestPointedSignal>
    <P Name="SignalName">SteerCmd</P>
    <P Name="FullBlockPath">$bdroot/Predictive Driver/Linear Predictive Driver</P>
    <P Name="PortIndex">2</P>
    <P Name="LogSignal">1</P>
    <P Name="MaxPoints">5000</P>
    <P Name="Decimation">2</P>
  </TestPointedSignal>
  <TestPointedSignal>
    <P Name="SignalName">AccelCmd</P>
    <P Name="FullBlockPath">$bdroot/Predictive Driver/Linear Predictive Driver</P>
    <P Name="PortIndex">3</P>
    <P Name="LogSignal">1</P>
    <P Name="MaxPoints">5000</P>
    <P Name="Decimation">2</P>
  </TestPointedSignal>
  <TestPointedSignal>
    <P Name="SignalName">Brake</P>
    <P Name="FullBlockPath">$bdroot/Predictive Driver/Linear Predictive Driver</P>
    <P Name="PortIndex">4</P>
    <P Name="LogSignal">1</P>
    <P Name="MaxPoints">5000</P>
    <P Name="Decimation">2</P>
  </TestPointedSignal>
  <TestPointedSignal>
    <P Name="SignalName">VehFdbk</P>
    <P Name="FullBlockPath">$bdroot/Visualization/VehFdbk</P>
    <P Name="LogSignal">1</P>
    <P Name="MaxPoints">5000</P>
    <P Name="Decimation">2</P>
  </TestPointedSignal>
  <TestPointedSignal>
    <P Name="SignalName">&lt;xdot&gt;</P>
    <P Name="FullBlockPath">$bdroot/Visualization/Bus Selector</P>
    <P Name="PortIndex">2</P>
    <P Name="LogSignal">1</P>
    <P Name="MaxPoints">5000</P>
    <P Name="Decimation">2</P>
  </TestPointedSignal>
  <TestPointedSignal>
    <P Name="SignalName">&lt;ay&gt;</P>
    <P Name="FullBlockPath">$bdroot/Visualization/Bus Selector</P>
    <P Name="PortIndex">3</P>
    <P Name="LogSignal">1</P>
    <P Name="MaxPoints">5000</P>
    <P Name="Decimation">2</P>
  </TestPointedSignal>
  <TestPointedSignal>
    <P Name="SignalName">&lt;Accel&gt;</P>
    <P Name="FullBlockPath">$bdroot/Visualization/Bus Selector2</P>
    <P Name="LogSignal">1</P>
    <P Name="MaxPoints">5000</P>
    <P Name="Decimation">2</P>
  </TestPointedSignal>
  <TestPointedSignal>
    <P Name="SignalName">&lt;Brake&gt;</P>
    <P Name="FullBlockPath">$bdroot/Visualization/Bus Selector2</P>
    <P Name="PortIndex">2</P>
    <P Name="LogSignal">1</P>
    <P Name="MaxPoints">5000</P>
    <P Name="Decimation">2</P>
  </TestPointedSignal>
  <TestPointedSignal>
    <P Name="SignalName">SteerAngle</P>
    <P Name="FullBlockPath">$bdroot/Visualization/Signal Specification</P>
    <P Name="LogSignal">1</P>
    <P Name="MaxPoints">5000</P>
    <P Name="Decimation">2</P>
  </TestPointedSignal>
  <TestPointedSignal>
    <P Name="SignalName">xdot_mph</P>
    <P Name="FullBlockPath">$bdroot/Visualization/Signal Specification1</P>
    <P Name="LogSignal">1</P>
    <P Name="MaxPoints">5000</P>
    <P Name="Decimation">2</P>
  </TestPointedSignal>
  <TestPointedSignal>
    <P Name="SignalName">Engine_rpm</P>
    <P Name="FullBlockPath">$bdroot/Visualization/Signal Specification2</P>
    <P Name="LogSignal">1</P>
    <P Name="MaxPoints">5000</P>
    <P Name="Decimation">2</P>
  </TestPointedSignal>
  <P Name="NumProvidedFunctions">0</P>
  <P Name="NumRequiredFunctions">0</P>
  <P Name="NumResetEvents">0</P>
  <P Name="HasInitializeEvent">0</P>
  <P Name="HasTerminateEvent">0</P>
  <P Name="IsExportFunctionModel">0</P>
  <P Name="NumParameterArguments">0</P>
  <P Name="NumExternalFileReferences">185</P>
  <ExternalFileReference>
    <P Name="Reference">simulink/Logic and Bit
Operations/Compare
To Constant</P>
    <P Name="Path">$bdroot/Controllers/Brake Controller/Brake Pressure Control/Bang Bang ABS/Compare To Constant</P>
    <P Name="SID">1257</P>
    <P Name="Type">LIBRARY_BLOCK</P>
  </ExternalFileReference>
  <ExternalFileReference>
    <P Name="Reference">simulink/Logic and Bit
Operations/Compare
To Constant</P>
    <P Name="Path">$bdroot/Controllers/Brake Controller/Brake Pressure Control/Bang Bang ABS/Compare To Constant1</P>
    <P Name="SID">1258</P>
    <P Name="Type">LIBRARY_BLOCK</P>
  </ExternalFileReference>
  <ExternalFileReference>
    <P Name="Reference">simulink/Logic and Bit
Operations/Compare
To Constant</P>
    <P Name="Path">$bdroot/Controllers/Brake Controller/Brake Pressure Control/Bang Bang ABS/Compare To Constant2</P>
    <P Name="SID">1259</P>
    <P Name="Type">LIBRARY_BLOCK</P>
  </ExternalFileReference>
  <ExternalFileReference>
    <P Name="Reference">autolibutils/Debounce</P>
    <P Name="Path">$bdroot/Controllers/Brake Controller/Brake Pressure Control/Bang Bang ABS/Debounce</P>
    <P Name="SID">1261</P>
    <P Name="Type">LIBRARY_BLOCK</P>
  </ExternalFileReference>
  <ExternalFileReference>
    <P Name="Reference">simulink/Ports &amp;
Subsystems/Function-Call
Generator</P>
    <P Name="Path">$bdroot/Controllers/Transmission Controller/10ms Function-Call Generator</P>
    <P Name="SID">1367</P>
    <P Name="Type">LIBRARY_BLOCK</P>
  </ExternalFileReference>
  <ExternalFileReference>
    <P Name="Reference">vehdynlibscenariocommon/Lane Change Reference
Generator</P>
    <P Name="Path">$bdroot/Lane Change Reference Generator</P>
    <P Name="SID">2415</P>
    <P Name="Type">LIBRARY_BLOCK</P>
  </ExternalFileReference>
  <ExternalFileReference>
    <P Name="Reference">PassVeh14DOF</P>
    <P Name="Path">$bdroot/Passenger Vehicle/Body, Suspension, Wheels/PassVeh14DOF</P>
    <P Name="SID">2342</P>
    <P Name="Type">MODEL_BLOCK</P>
  </ExternalFileReference>
  <ExternalFileReference>
    <P Name="Reference">PassVeh7DOF</P>
    <P Name="Path">$bdroot/Passenger Vehicle/Body, Suspension, Wheels/PassVeh7DOF</P>
    <P Name="SID">2343</P>
    <P Name="Type">MODEL_BLOCK</P>
  </ExternalFileReference>
  <ExternalFileReference>
    <P Name="Reference">SiMappedEngineV</P>
    <P Name="Path">$bdroot/Passenger Vehicle/Engine/Ideal Mapped Engine</P>
    <P Name="SID">1806</P>
    <P Name="Type">MODEL_BLOCK</P>
  </ExternalFileReference>
  <ExternalFileReference>
    <P Name="Reference">Driveline</P>
    <P Name="Path">$bdroot/Passenger Vehicle/Steering, Transmission, Driveline and Brakes/Driveline Ideal Fixed Gear</P>
    <P Name="SID">1786</P>
    <P Name="Type">MODEL_BLOCK</P>
  </ExternalFileReference>
  <ExternalFileReference>
    <P Name="Reference">neural/Weight Functions/dotprod</P>
    <P Name="Path">$bdroot/Predictive Driver/Cascade-Forward Neural Network/Layer 1/IW{1,1}/dotprod1</P>
    <P Name="SID">5808</P>
    <P Name="Type">LIBRARY_BLOCK</P>
  </ExternalFileReference>
  <ExternalFileReference>
    <P Name="Reference">neural/Weight Functions/dotprod</P>
    <P Name="Path">$bdroot/Predictive Driver/Cascade-Forward Neural Network/Layer 1/IW{1,1}/dotprod10</P>
    <P Name="SID">5809</P>
    <P Name="Type">LIBRARY_BLOCK</P>
  </ExternalFileReference>
  <ExternalFileReference>
    <P Name="Reference">neural/Weight Functions/dotprod</P>
    <P Name="Path">$bdroot/Predictive Driver/Cascade-Forward Neural Network/Layer 1/IW{1,1}/dotprod11</P>
    <P Name="SID">5810</P>
    <P Name="Type">LIBRARY_BLOCK</P>
  </ExternalFileReference>
  <ExternalFileReference>
    <P Name="Reference">neural/Weight Functions/dotprod</P>
    <P Name="Path">$bdroot/Predictive Driver/Cascade-Forward Neural Network/Layer 1/IW{1,1}/dotprod12</P>
    <P Name="SID">5811</P>
    <P Name="Type">LIBRARY_BLOCK</P>
  </ExternalFileReference>
  <ExternalFileReference>
    <P Name="Reference">neural/Weight Functions/dotprod</P>
    <P Name="Path">$bdroot/Predictive Driver/Cascade-Forward Neural Network/Layer 1/IW{1,1}/dotprod13</P>
    <P Name="SID">5812</P>
    <P Name="Type">LIBRARY_BLOCK</P>
  </ExternalFileReference>
  <ExternalFileReference>
    <P Name="Reference">neural/Weight Functions/dotprod</P>
    <P Name="Path">$bdroot/Predictive Driver/Cascade-Forward Neural Network/Layer 1/IW{1,1}/dotprod14</P>
    <P Name="SID">5813</P>
    <P Name="Type">LIBRARY_BLOCK</P>
  </ExternalFileReference>
  <ExternalFileReference>
    <P Name="Reference">neural/Weight Functions/dotprod</P>
    <P Name="Path">$bdroot/Predictive Driver/Cascade-Forward Neural Network/Layer 1/IW{1,1}/dotprod15</P>
    <P Name="SID">5814</P>
    <P Name="Type">LIBRARY_BLOCK</P>
  </ExternalFileReference>
  <ExternalFileReference>
    <P Name="Reference">neural/Weight Functions/dotprod</P>
    <P Name="Path">$bdroot/Predictive Driver/Cascade-Forward Neural Network/Layer 1/IW{1,1}/dotprod16</P>
    <P Name="SID">5815</P>
    <P Name="Type">LIBRARY_BLOCK</P>
  </ExternalFileReference>
  <ExternalFileReference>
    <P Name="Reference">neural/Weight Functions/dotprod</P>
    <P Name="Path">$bdroot/Predictive Driver/Cascade-Forward Neural Network/Layer 1/IW{1,1}/dotprod17</P>
    <P Name="SID">5816</P>
    <P Name="Type">LIBRARY_BLOCK</P>
  </ExternalFileReference>
  <ExternalFileReference>
    <P Name="Reference">neural/Weight Functions/dotprod</P>
    <P Name="Path">$bdroot/Predictive Driver/Cascade-Forward Neural Network/Layer 1/IW{1,1}/dotprod18</P>
    <P Name="SID">5817</P>
    <P Name="Type">LIBRARY_BLOCK</P>
  </ExternalFileReference>
  <ExternalFileReference>
    <P Name="Reference">neural/Weight Functions/dotprod</P>
    <P Name="Path">$bdroot/Predictive Driver/Cascade-Forward Neural Network/Layer 1/IW{1,1}/dotprod19</P>
    <P Name="SID">5818</P>
    <P Name="Type">LIBRARY_BLOCK</P>
  </ExternalFileReference>
  <ExternalFileReference>
    <P Name="Reference">neural/Weight Functions/dotprod</P>
    <P Name="Path">$bdroot/Predictive Driver/Cascade-Forward Neural Network/Layer 1/IW{1,1}/dotprod2</P>
    <P Name="SID">5819</P>
    <P Name="Type">LIBRARY_BLOCK</P>
  </ExternalFileReference>
  <ExternalFileReference>
    <P Name="Reference">neural/Weight Functions/dotprod</P>
    <P Name="Path">$bdroot/Predictive Driver/Cascade-Forward Neural Network/Layer 1/IW{1,1}/dotprod20</P>
    <P Name="SID">5820</P>
    <P Name="Type">LIBRARY_BLOCK</P>
  </ExternalFileReference>
  <ExternalFileReference>
    <P Name="Reference">neural/Weight Functions/dotprod</P>
    <P Name="Path">$bdroot/Predictive Driver/Cascade-Forward Neural Network/Layer 1/IW{1,1}/dotprod3</P>
    <P Name="SID">5821</P>
    <P Name="Type">LIBRARY_BLOCK</P>
  </ExternalFileReference>
  <ExternalFileReference>
    <P Name="Reference">neural/Weight Functions/dotprod</P>
    <P Name="Path">$bdroot/Predictive Driver/Cascade-Forward Neural Network/Layer 1/IW{1,1}/dotprod4</P>
    <P Name="SID">5822</P>
    <P Name="Type">LIBRARY_BLOCK</P>
  </ExternalFileReference>
  <ExternalFileReference>
    <P Name="Reference">neural/Weight Functions/dotprod</P>
    <P Name="Path">$bdroot/Predictive Driver/Cascade-Forward Neural Network/Layer 1/IW{1,1}/dotprod5</P>
    <P Name="SID">5823</P>
    <P Name="Type">LIBRARY_BLOCK</P>
  </ExternalFileReference>
  <ExternalFileReference>
    <P Name="Reference">neural/Weight Functions/dotprod</P>
    <P Name="Path">$bdroot/Predictive Driver/Cascade-Forward Neural Network/Layer 1/IW{1,1}/dotprod6</P>
    <P Name="SID">5824</P>
    <P Name="Type">LIBRARY_BLOCK</P>
  </ExternalFileReference>
  <ExternalFileReference>
    <P Name="Reference">neural/Weight Functions/dotprod</P>
    <P Name="Path">$bdroot/Predictive Driver/Cascade-Forward Neural Network/Layer 1/IW{1,1}/dotprod7</P>
    <P Name="SID">5825</P>
    <P Name="Type">LIBRARY_BLOCK</P>
  </ExternalFileReference>
  <ExternalFileReference>
    <P Name="Reference">neural/Weight Functions/dotprod</P>
    <P Name="Path">$bdroot/Predictive Driver/Cascade-Forward Neural Network/Layer 1/IW{1,1}/dotprod8</P>
    <P Name="SID">5826</P>
    <P Name="Type">LIBRARY_BLOCK</P>
  </ExternalFileReference>
  <ExternalFileReference>
    <P Name="Reference">neural/Weight Functions/dotprod</P>
    <P Name="Path">$bdroot/Predictive Driver/Cascade-Forward Neural Network/Layer 1/IW{1,1}/dotprod9</P>
    <P Name="SID">5827</P>
    <P Name="Type">LIBRARY_BLOCK</P>
  </ExternalFileReference>
  <ExternalFileReference>
    <P Name="Reference">neural/Transfer Functions/tansig</P>
    <P Name="Path">$bdroot/Predictive Driver/Cascade-Forward Neural Network/Layer 1/tansig</P>
    <P Name="SID">5831</P>
    <P Name="Type">LIBRARY_BLOCK</P>
  </ExternalFileReference>
  <ExternalFileReference>
    <P Name="Reference">neural/Weight Functions/dotprod</P>
    <P Name="Path">$bdroot/Predictive Driver/Cascade-Forward Neural Network/Layer 2/IW{2,1}/dotprod1</P>
    <P Name="SID">5887</P>
    <P Name="Type">LIBRARY_BLOCK</P>
  </ExternalFileReference>
  <ExternalFileReference>
    <P Name="Reference">neural/Weight Functions/dotprod</P>
    <P Name="Path">$bdroot/Predictive Driver/Cascade-Forward Neural Network/Layer 2/IW{2,1}/dotprod10</P>
    <P Name="SID">5888</P>
    <P Name="Type">LIBRARY_BLOCK</P>
  </ExternalFileReference>
  <ExternalFileReference>
    <P Name="Reference">neural/Weight Functions/dotprod</P>
    <P Name="Path">$bdroot/Predictive Driver/Cascade-Forward Neural Network/Layer 2/IW{2,1}/dotprod11</P>
    <P Name="SID">5889</P>
    <P Name="Type">LIBRARY_BLOCK</P>
  </ExternalFileReference>
  <ExternalFileReference>
    <P Name="Reference">neural/Weight Functions/dotprod</P>
    <P Name="Path">$bdroot/Predictive Driver/Cascade-Forward Neural Network/Layer 2/IW{2,1}/dotprod12</P>
    <P Name="SID">5890</P>
    <P Name="Type">LIBRARY_BLOCK</P>
  </ExternalFileReference>
  <ExternalFileReference>
    <P Name="Reference">neural/Weight Functions/dotprod</P>
    <P Name="Path">$bdroot/Predictive Driver/Cascade-Forward Neural Network/Layer 2/IW{2,1}/dotprod13</P>
    <P Name="SID">5891</P>
    <P Name="Type">LIBRARY_BLOCK</P>
  </ExternalFileReference>
  <ExternalFileReference>
    <P Name="Reference">neural/Weight Functions/dotprod</P>
    <P Name="Path">$bdroot/Predictive Driver/Cascade-Forward Neural Network/Layer 2/IW{2,1}/dotprod14</P>
    <P Name="SID">5892</P>
    <P Name="Type">LIBRARY_BLOCK</P>
  </ExternalFileReference>
  <ExternalFileReference>
    <P Name="Reference">neural/Weight Functions/dotprod</P>
    <P Name="Path">$bdroot/Predictive Driver/Cascade-Forward Neural Network/Layer 2/IW{2,1}/dotprod15</P>
    <P Name="SID">5893</P>
    <P Name="Type">LIBRARY_BLOCK</P>
  </ExternalFileReference>
  <ExternalFileReference>
    <P Name="Reference">neural/Weight Functions/dotprod</P>
    <P Name="Path">$bdroot/Predictive Driver/Cascade-Forward Neural Network/Layer 2/IW{2,1}/dotprod16</P>
    <P Name="SID">5894</P>
    <P Name="Type">LIBRARY_BLOCK</P>
  </ExternalFileReference>
  <ExternalFileReference>
    <P Name="Reference">neural/Weight Functions/dotprod</P>
    <P Name="Path">$bdroot/Predictive Driver/Cascade-Forward Neural Network/Layer 2/IW{2,1}/dotprod17</P>
    <P Name="SID">5895</P>
    <P Name="Type">LIBRARY_BLOCK</P>
  </ExternalFileReference>
  <ExternalFileReference>
    <P Name="Reference">neural/Weight Functions/dotprod</P>
    <P Name="Path">$bdroot/Predictive Driver/Cascade-Forward Neural Network/Layer 2/IW{2,1}/dotprod18</P>
    <P Name="SID">5896</P>
    <P Name="Type">LIBRARY_BLOCK</P>
  </ExternalFileReference>
  <ExternalFileReference>
    <P Name="Reference">neural/Weight Functions/dotprod</P>
    <P Name="Path">$bdroot/Predictive Driver/Cascade-Forward Neural Network/Layer 2/IW{2,1}/dotprod19</P>
    <P Name="SID">5897</P>
    <P Name="Type">LIBRARY_BLOCK</P>
  </ExternalFileReference>
  <ExternalFileReference>
    <P Name="Reference">neural/Weight Functions/dotprod</P>
    <P Name="Path">$bdroot/Predictive Driver/Cascade-Forward Neural Network/Layer 2/IW{2,1}/dotprod2</P>
    <P Name="SID">5898</P>
    <P Name="Type">LIBRARY_BLOCK</P>
  </ExternalFileReference>
  <ExternalFileReference>
    <P Name="Reference">neural/Weight Functions/dotprod</P>
    <P Name="Path">$bdroot/Predictive Driver/Cascade-Forward Neural Network/Layer 2/IW{2,1}/dotprod20</P>
    <P Name="SID">5899</P>
    <P Name="Type">LIBRARY_BLOCK</P>
  </ExternalFileReference>
  <ExternalFileReference>
    <P Name="Reference">neural/Weight Functions/dotprod</P>
    <P Name="Path">$bdroot/Predictive Driver/Cascade-Forward Neural Network/Layer 2/IW{2,1}/dotprod21</P>
    <P Name="SID">5900</P>
    <P Name="Type">LIBRARY_BLOCK</P>
  </ExternalFileReference>
  <ExternalFileReference>
    <P Name="Reference">neural/Weight Functions/dotprod</P>
    <P Name="Path">$bdroot/Predictive Driver/Cascade-Forward Neural Network/Layer 2/IW{2,1}/dotprod22</P>
    <P Name="SID">5901</P>
    <P Name="Type">LIBRARY_BLOCK</P>
  </ExternalFileReference>
  <ExternalFileReference>
    <P Name="Reference">neural/Weight Functions/dotprod</P>
    <P Name="Path">$bdroot/Predictive Driver/Cascade-Forward Neural Network/Layer 2/IW{2,1}/dotprod23</P>
    <P Name="SID">5902</P>
    <P Name="Type">LIBRARY_BLOCK</P>
  </ExternalFileReference>
  <ExternalFileReference>
    <P Name="Reference">neural/Weight Functions/dotprod</P>
    <P Name="Path">$bdroot/Predictive Driver/Cascade-Forward Neural Network/Layer 2/IW{2,1}/dotprod24</P>
    <P Name="SID">5903</P>
    <P Name="Type">LIBRARY_BLOCK</P>
  </ExternalFileReference>
  <ExternalFileReference>
    <P Name="Reference">neural/Weight Functions/dotprod</P>
    <P Name="Path">$bdroot/Predictive Driver/Cascade-Forward Neural Network/Layer 2/IW{2,1}/dotprod25</P>
    <P Name="SID">5904</P>
    <P Name="Type">LIBRARY_BLOCK</P>
  </ExternalFileReference>
  <ExternalFileReference>
    <P Name="Reference">neural/Weight Functions/dotprod</P>
    <P Name="Path">$bdroot/Predictive Driver/Cascade-Forward Neural Network/Layer 2/IW{2,1}/dotprod26</P>
    <P Name="SID">5905</P>
    <P Name="Type">LIBRARY_BLOCK</P>
  </ExternalFileReference>
  <ExternalFileReference>
    <P Name="Reference">neural/Weight Functions/dotprod</P>
    <P Name="Path">$bdroot/Predictive Driver/Cascade-Forward Neural Network/Layer 2/IW{2,1}/dotprod27</P>
    <P Name="SID">5906</P>
    <P Name="Type">LIBRARY_BLOCK</P>
  </ExternalFileReference>
  <ExternalFileReference>
    <P Name="Reference">neural/Weight Functions/dotprod</P>
    <P Name="Path">$bdroot/Predictive Driver/Cascade-Forward Neural Network/Layer 2/IW{2,1}/dotprod28</P>
    <P Name="SID">5907</P>
    <P Name="Type">LIBRARY_BLOCK</P>
  </ExternalFileReference>
  <ExternalFileReference>
    <P Name="Reference">neural/Weight Functions/dotprod</P>
    <P Name="Path">$bdroot/Predictive Driver/Cascade-Forward Neural Network/Layer 2/IW{2,1}/dotprod29</P>
    <P Name="SID">5908</P>
    <P Name="Type">LIBRARY_BLOCK</P>
  </ExternalFileReference>
  <ExternalFileReference>
    <P Name="Reference">neural/Weight Functions/dotprod</P>
    <P Name="Path">$bdroot/Predictive Driver/Cascade-Forward Neural Network/Layer 2/IW{2,1}/dotprod3</P>
    <P Name="SID">5909</P>
    <P Name="Type">LIBRARY_BLOCK</P>
  </ExternalFileReference>
  <ExternalFileReference>
    <P Name="Reference">neural/Weight Functions/dotprod</P>
    <P Name="Path">$bdroot/Predictive Driver/Cascade-Forward Neural Network/Layer 2/IW{2,1}/dotprod30</P>
    <P Name="SID">5910</P>
    <P Name="Type">LIBRARY_BLOCK</P>
  </ExternalFileReference>
  <ExternalFileReference>
    <P Name="Reference">neural/Weight Functions/dotprod</P>
    <P Name="Path">$bdroot/Predictive Driver/Cascade-Forward Neural Network/Layer 2/IW{2,1}/dotprod31</P>
    <P Name="SID">5911</P>
    <P Name="Type">LIBRARY_BLOCK</P>
  </ExternalFileReference>
  <ExternalFileReference>
    <P Name="Reference">neural/Weight Functions/dotprod</P>
    <P Name="Path">$bdroot/Predictive Driver/Cascade-Forward Neural Network/Layer 2/IW{2,1}/dotprod32</P>
    <P Name="SID">5912</P>
    <P Name="Type">LIBRARY_BLOCK</P>
  </ExternalFileReference>
  <ExternalFileReference>
    <P Name="Reference">neural/Weight Functions/dotprod</P>
    <P Name="Path">$bdroot/Predictive Driver/Cascade-Forward Neural Network/Layer 2/IW{2,1}/dotprod33</P>
    <P Name="SID">5913</P>
    <P Name="Type">LIBRARY_BLOCK</P>
  </ExternalFileReference>
  <ExternalFileReference>
    <P Name="Reference">neural/Weight Functions/dotprod</P>
    <P Name="Path">$bdroot/Predictive Driver/Cascade-Forward Neural Network/Layer 2/IW{2,1}/dotprod34</P>
    <P Name="SID">5914</P>
    <P Name="Type">LIBRARY_BLOCK</P>
  </ExternalFileReference>
  <ExternalFileReference>
    <P Name="Reference">neural/Weight Functions/dotprod</P>
    <P Name="Path">$bdroot/Predictive Driver/Cascade-Forward Neural Network/Layer 2/IW{2,1}/dotprod35</P>
    <P Name="SID">5915</P>
    <P Name="Type">LIBRARY_BLOCK</P>
  </ExternalFileReference>
  <ExternalFileReference>
    <P Name="Reference">neural/Weight Functions/dotprod</P>
    <P Name="Path">$bdroot/Predictive Driver/Cascade-Forward Neural Network/Layer 2/IW{2,1}/dotprod36</P>
    <P Name="SID">5916</P>
    <P Name="Type">LIBRARY_BLOCK</P>
  </ExternalFileReference>
  <ExternalFileReference>
    <P Name="Reference">neural/Weight Functions/dotprod</P>
    <P Name="Path">$bdroot/Predictive Driver/Cascade-Forward Neural Network/Layer 2/IW{2,1}/dotprod37</P>
    <P Name="SID">5917</P>
    <P Name="Type">LIBRARY_BLOCK</P>
  </ExternalFileReference>
  <ExternalFileReference>
    <P Name="Reference">neural/Weight Functions/dotprod</P>
    <P Name="Path">$bdroot/Predictive Driver/Cascade-Forward Neural Network/Layer 2/IW{2,1}/dotprod38</P>
    <P Name="SID">5918</P>
    <P Name="Type">LIBRARY_BLOCK</P>
  </ExternalFileReference>
  <ExternalFileReference>
    <P Name="Reference">neural/Weight Functions/dotprod</P>
    <P Name="Path">$bdroot/Predictive Driver/Cascade-Forward Neural Network/Layer 2/IW{2,1}/dotprod39</P>
    <P Name="SID">5919</P>
    <P Name="Type">LIBRARY_BLOCK</P>
  </ExternalFileReference>
  <ExternalFileReference>
    <P Name="Reference">neural/Weight Functions/dotprod</P>
    <P Name="Path">$bdroot/Predictive Driver/Cascade-Forward Neural Network/Layer 2/IW{2,1}/dotprod4</P>
    <P Name="SID">5920</P>
    <P Name="Type">LIBRARY_BLOCK</P>
  </ExternalFileReference>
  <ExternalFileReference>
    <P Name="Reference">neural/Weight Functions/dotprod</P>
    <P Name="Path">$bdroot/Predictive Driver/Cascade-Forward Neural Network/Layer 2/IW{2,1}/dotprod40</P>
    <P Name="SID">5921</P>
    <P Name="Type">LIBRARY_BLOCK</P>
  </ExternalFileReference>
  <ExternalFileReference>
    <P Name="Reference">neural/Weight Functions/dotprod</P>
    <P Name="Path">$bdroot/Predictive Driver/Cascade-Forward Neural Network/Layer 2/IW{2,1}/dotprod5</P>
    <P Name="SID">5922</P>
    <P Name="Type">LIBRARY_BLOCK</P>
  </ExternalFileReference>
  <ExternalFileReference>
    <P Name="Reference">neural/Weight Functions/dotprod</P>
    <P Name="Path">$bdroot/Predictive Driver/Cascade-Forward Neural Network/Layer 2/IW{2,1}/dotprod6</P>
    <P Name="SID">5923</P>
    <P Name="Type">LIBRARY_BLOCK</P>
  </ExternalFileReference>
  <ExternalFileReference>
    <P Name="Reference">neural/Weight Functions/dotprod</P>
    <P Name="Path">$bdroot/Predictive Driver/Cascade-Forward Neural Network/Layer 2/IW{2,1}/dotprod7</P>
    <P Name="SID">5924</P>
    <P Name="Type">LIBRARY_BLOCK</P>
  </ExternalFileReference>
  <ExternalFileReference>
    <P Name="Reference">neural/Weight Functions/dotprod</P>
    <P Name="Path">$bdroot/Predictive Driver/Cascade-Forward Neural Network/Layer 2/IW{2,1}/dotprod8</P>
    <P Name="SID">5925</P>
    <P Name="Type">LIBRARY_BLOCK</P>
  </ExternalFileReference>
  <ExternalFileReference>
    <P Name="Reference">neural/Weight Functions/dotprod</P>
    <P Name="Path">$bdroot/Predictive Driver/Cascade-Forward Neural Network/Layer 2/IW{2,1}/dotprod9</P>
    <P Name="SID">5926</P>
    <P Name="Type">LIBRARY_BLOCK</P>
  </ExternalFileReference>
  <ExternalFileReference>
    <P Name="Reference">neural/Weight Functions/dotprod</P>
    <P Name="Path">$bdroot/Predictive Driver/Cascade-Forward Neural Network/Layer 2/LW{2,1}/dotprod1</P>
    <P Name="SID">5971</P>
    <P Name="Type">LIBRARY_BLOCK</P>
  </ExternalFileReference>
  <ExternalFileReference>
    <P Name="Reference">neural/Weight Functions/dotprod</P>
    <P Name="Path">$bdroot/Predictive Driver/Cascade-Forward Neural Network/Layer 2/LW{2,1}/dotprod10</P>
    <P Name="SID">5972</P>
    <P Name="Type">LIBRARY_BLOCK</P>
  </ExternalFileReference>
  <ExternalFileReference>
    <P Name="Reference">neural/Weight Functions/dotprod</P>
    <P Name="Path">$bdroot/Predictive Driver/Cascade-Forward Neural Network/Layer 2/LW{2,1}/dotprod11</P>
    <P Name="SID">5973</P>
    <P Name="Type">LIBRARY_BLOCK</P>
  </ExternalFileReference>
  <ExternalFileReference>
    <P Name="Reference">neural/Weight Functions/dotprod</P>
    <P Name="Path">$bdroot/Predictive Driver/Cascade-Forward Neural Network/Layer 2/LW{2,1}/dotprod12</P>
    <P Name="SID">5974</P>
    <P Name="Type">LIBRARY_BLOCK</P>
  </ExternalFileReference>
  <ExternalFileReference>
    <P Name="Reference">neural/Weight Functions/dotprod</P>
    <P Name="Path">$bdroot/Predictive Driver/Cascade-Forward Neural Network/Layer 2/LW{2,1}/dotprod13</P>
    <P Name="SID">5975</P>
    <P Name="Type">LIBRARY_BLOCK</P>
  </ExternalFileReference>
  <ExternalFileReference>
    <P Name="Reference">neural/Weight Functions/dotprod</P>
    <P Name="Path">$bdroot/Predictive Driver/Cascade-Forward Neural Network/Layer 2/LW{2,1}/dotprod14</P>
    <P Name="SID">5976</P>
    <P Name="Type">LIBRARY_BLOCK</P>
  </ExternalFileReference>
  <ExternalFileReference>
    <P Name="Reference">neural/Weight Functions/dotprod</P>
    <P Name="Path">$bdroot/Predictive Driver/Cascade-Forward Neural Network/Layer 2/LW{2,1}/dotprod15</P>
    <P Name="SID">5977</P>
    <P Name="Type">LIBRARY_BLOCK</P>
  </ExternalFileReference>
  <ExternalFileReference>
    <P Name="Reference">neural/Weight Functions/dotprod</P>
    <P Name="Path">$bdroot/Predictive Driver/Cascade-Forward Neural Network/Layer 2/LW{2,1}/dotprod16</P>
    <P Name="SID">5978</P>
    <P Name="Type">LIBRARY_BLOCK</P>
  </ExternalFileReference>
  <ExternalFileReference>
    <P Name="Reference">neural/Weight Functions/dotprod</P>
    <P Name="Path">$bdroot/Predictive Driver/Cascade-Forward Neural Network/Layer 2/LW{2,1}/dotprod17</P>
    <P Name="SID">5979</P>
    <P Name="Type">LIBRARY_BLOCK</P>
  </ExternalFileReference>
  <ExternalFileReference>
    <P Name="Reference">neural/Weight Functions/dotprod</P>
    <P Name="Path">$bdroot/Predictive Driver/Cascade-Forward Neural Network/Layer 2/LW{2,1}/dotprod18</P>
    <P Name="SID">5980</P>
    <P Name="Type">LIBRARY_BLOCK</P>
  </ExternalFileReference>
  <ExternalFileReference>
    <P Name="Reference">neural/Weight Functions/dotprod</P>
    <P Name="Path">$bdroot/Predictive Driver/Cascade-Forward Neural Network/Layer 2/LW{2,1}/dotprod19</P>
    <P Name="SID">5981</P>
    <P Name="Type">LIBRARY_BLOCK</P>
  </ExternalFileReference>
  <ExternalFileReference>
    <P Name="Reference">neural/Weight Functions/dotprod</P>
    <P Name="Path">$bdroot/Predictive Driver/Cascade-Forward Neural Network/Layer 2/LW{2,1}/dotprod2</P>
    <P Name="SID">5982</P>
    <P Name="Type">LIBRARY_BLOCK</P>
  </ExternalFileReference>
  <ExternalFileReference>
    <P Name="Reference">neural/Weight Functions/dotprod</P>
    <P Name="Path">$bdroot/Predictive Driver/Cascade-Forward Neural Network/Layer 2/LW{2,1}/dotprod20</P>
    <P Name="SID">5983</P>
    <P Name="Type">LIBRARY_BLOCK</P>
  </ExternalFileReference>
  <ExternalFileReference>
    <P Name="Reference">neural/Weight Functions/dotprod</P>
    <P Name="Path">$bdroot/Predictive Driver/Cascade-Forward Neural Network/Layer 2/LW{2,1}/dotprod21</P>
    <P Name="SID">5984</P>
    <P Name="Type">LIBRARY_BLOCK</P>
  </ExternalFileReference>
  <ExternalFileReference>
    <P Name="Reference">neural/Weight Functions/dotprod</P>
    <P Name="Path">$bdroot/Predictive Driver/Cascade-Forward Neural Network/Layer 2/LW{2,1}/dotprod22</P>
    <P Name="SID">5985</P>
    <P Name="Type">LIBRARY_BLOCK</P>
  </ExternalFileReference>
  <ExternalFileReference>
    <P Name="Reference">neural/Weight Functions/dotprod</P>
    <P Name="Path">$bdroot/Predictive Driver/Cascade-Forward Neural Network/Layer 2/LW{2,1}/dotprod23</P>
    <P Name="SID">5986</P>
    <P Name="Type">LIBRARY_BLOCK</P>
  </ExternalFileReference>
  <ExternalFileReference>
    <P Name="Reference">neural/Weight Functions/dotprod</P>
    <P Name="Path">$bdroot/Predictive Driver/Cascade-Forward Neural Network/Layer 2/LW{2,1}/dotprod24</P>
    <P Name="SID">5987</P>
    <P Name="Type">LIBRARY_BLOCK</P>
  </ExternalFileReference>
  <ExternalFileReference>
    <P Name="Reference">neural/Weight Functions/dotprod</P>
    <P Name="Path">$bdroot/Predictive Driver/Cascade-Forward Neural Network/Layer 2/LW{2,1}/dotprod25</P>
    <P Name="SID">5988</P>
    <P Name="Type">LIBRARY_BLOCK</P>
  </ExternalFileReference>
  <ExternalFileReference>
    <P Name="Reference">neural/Weight Functions/dotprod</P>
    <P Name="Path">$bdroot/Predictive Driver/Cascade-Forward Neural Network/Layer 2/LW{2,1}/dotprod26</P>
    <P Name="SID">5989</P>
    <P Name="Type">LIBRARY_BLOCK</P>
  </ExternalFileReference>
  <ExternalFileReference>
    <P Name="Reference">neural/Weight Functions/dotprod</P>
    <P Name="Path">$bdroot/Predictive Driver/Cascade-Forward Neural Network/Layer 2/LW{2,1}/dotprod27</P>
    <P Name="SID">5990</P>
    <P Name="Type">LIBRARY_BLOCK</P>
  </ExternalFileReference>
  <ExternalFileReference>
    <P Name="Reference">neural/Weight Functions/dotprod</P>
    <P Name="Path">$bdroot/Predictive Driver/Cascade-Forward Neural Network/Layer 2/LW{2,1}/dotprod28</P>
    <P Name="SID">5991</P>
    <P Name="Type">LIBRARY_BLOCK</P>
  </ExternalFileReference>
  <ExternalFileReference>
    <P Name="Reference">neural/Weight Functions/dotprod</P>
    <P Name="Path">$bdroot/Predictive Driver/Cascade-Forward Neural Network/Layer 2/LW{2,1}/dotprod29</P>
    <P Name="SID">5992</P>
    <P Name="Type">LIBRARY_BLOCK</P>
  </ExternalFileReference>
  <ExternalFileReference>
    <P Name="Reference">neural/Weight Functions/dotprod</P>
    <P Name="Path">$bdroot/Predictive Driver/Cascade-Forward Neural Network/Layer 2/LW{2,1}/dotprod3</P>
    <P Name="SID">5993</P>
    <P Name="Type">LIBRARY_BLOCK</P>
  </ExternalFileReference>
  <ExternalFileReference>
    <P Name="Reference">neural/Weight Functions/dotprod</P>
    <P Name="Path">$bdroot/Predictive Driver/Cascade-Forward Neural Network/Layer 2/LW{2,1}/dotprod30</P>
    <P Name="SID">5994</P>
    <P Name="Type">LIBRARY_BLOCK</P>
  </ExternalFileReference>
  <ExternalFileReference>
    <P Name="Reference">neural/Weight Functions/dotprod</P>
    <P Name="Path">$bdroot/Predictive Driver/Cascade-Forward Neural Network/Layer 2/LW{2,1}/dotprod31</P>
    <P Name="SID">5995</P>
    <P Name="Type">LIBRARY_BLOCK</P>
  </ExternalFileReference>
  <ExternalFileReference>
    <P Name="Reference">neural/Weight Functions/dotprod</P>
    <P Name="Path">$bdroot/Predictive Driver/Cascade-Forward Neural Network/Layer 2/LW{2,1}/dotprod32</P>
    <P Name="SID">5996</P>
    <P Name="Type">LIBRARY_BLOCK</P>
  </ExternalFileReference>
  <ExternalFileReference>
    <P Name="Reference">neural/Weight Functions/dotprod</P>
    <P Name="Path">$bdroot/Predictive Driver/Cascade-Forward Neural Network/Layer 2/LW{2,1}/dotprod33</P>
    <P Name="SID">5997</P>
    <P Name="Type">LIBRARY_BLOCK</P>
  </ExternalFileReference>
  <ExternalFileReference>
    <P Name="Reference">neural/Weight Functions/dotprod</P>
    <P Name="Path">$bdroot/Predictive Driver/Cascade-Forward Neural Network/Layer 2/LW{2,1}/dotprod34</P>
    <P Name="SID">5998</P>
    <P Name="Type">LIBRARY_BLOCK</P>
  </ExternalFileReference>
  <ExternalFileReference>
    <P Name="Reference">neural/Weight Functions/dotprod</P>
    <P Name="Path">$bdroot/Predictive Driver/Cascade-Forward Neural Network/Layer 2/LW{2,1}/dotprod35</P>
    <P Name="SID">5999</P>
    <P Name="Type">LIBRARY_BLOCK</P>
  </ExternalFileReference>
  <ExternalFileReference>
    <P Name="Reference">neural/Weight Functions/dotprod</P>
    <P Name="Path">$bdroot/Predictive Driver/Cascade-Forward Neural Network/Layer 2/LW{2,1}/dotprod36</P>
    <P Name="SID">6000</P>
    <P Name="Type">LIBRARY_BLOCK</P>
  </ExternalFileReference>
  <ExternalFileReference>
    <P Name="Reference">neural/Weight Functions/dotprod</P>
    <P Name="Path">$bdroot/Predictive Driver/Cascade-Forward Neural Network/Layer 2/LW{2,1}/dotprod37</P>
    <P Name="SID">6001</P>
    <P Name="Type">LIBRARY_BLOCK</P>
  </ExternalFileReference>
  <ExternalFileReference>
    <P Name="Reference">neural/Weight Functions/dotprod</P>
    <P Name="Path">$bdroot/Predictive Driver/Cascade-Forward Neural Network/Layer 2/LW{2,1}/dotprod38</P>
    <P Name="SID">6002</P>
    <P Name="Type">LIBRARY_BLOCK</P>
  </ExternalFileReference>
  <ExternalFileReference>
    <P Name="Reference">neural/Weight Functions/dotprod</P>
    <P Name="Path">$bdroot/Predictive Driver/Cascade-Forward Neural Network/Layer 2/LW{2,1}/dotprod39</P>
    <P Name="SID">6003</P>
    <P Name="Type">LIBRARY_BLOCK</P>
  </ExternalFileReference>
  <ExternalFileReference>
    <P Name="Reference">neural/Weight Functions/dotprod</P>
    <P Name="Path">$bdroot/Predictive Driver/Cascade-Forward Neural Network/Layer 2/LW{2,1}/dotprod4</P>
    <P Name="SID">6004</P>
    <P Name="Type">LIBRARY_BLOCK</P>
  </ExternalFileReference>
  <ExternalFileReference>
    <P Name="Reference">neural/Weight Functions/dotprod</P>
    <P Name="Path">$bdroot/Predictive Driver/Cascade-Forward Neural Network/Layer 2/LW{2,1}/dotprod40</P>
    <P Name="SID">6005</P>
    <P Name="Type">LIBRARY_BLOCK</P>
  </ExternalFileReference>
  <ExternalFileReference>
    <P Name="Reference">neural/Weight Functions/dotprod</P>
    <P Name="Path">$bdroot/Predictive Driver/Cascade-Forward Neural Network/Layer 2/LW{2,1}/dotprod5</P>
    <P Name="SID">6006</P>
    <P Name="Type">LIBRARY_BLOCK</P>
  </ExternalFileReference>
  <ExternalFileReference>
    <P Name="Reference">neural/Weight Functions/dotprod</P>
    <P Name="Path">$bdroot/Predictive Driver/Cascade-Forward Neural Network/Layer 2/LW{2,1}/dotprod6</P>
    <P Name="SID">6007</P>
    <P Name="Type">LIBRARY_BLOCK</P>
  </ExternalFileReference>
  <ExternalFileReference>
    <P Name="Reference">neural/Weight Functions/dotprod</P>
    <P Name="Path">$bdroot/Predictive Driver/Cascade-Forward Neural Network/Layer 2/LW{2,1}/dotprod7</P>
    <P Name="SID">6008</P>
    <P Name="Type">LIBRARY_BLOCK</P>
  </ExternalFileReference>
  <ExternalFileReference>
    <P Name="Reference">neural/Weight Functions/dotprod</P>
    <P Name="Path">$bdroot/Predictive Driver/Cascade-Forward Neural Network/Layer 2/LW{2,1}/dotprod8</P>
    <P Name="SID">6009</P>
    <P Name="Type">LIBRARY_BLOCK</P>
  </ExternalFileReference>
  <ExternalFileReference>
    <P Name="Reference">neural/Weight Functions/dotprod</P>
    <P Name="Path">$bdroot/Predictive Driver/Cascade-Forward Neural Network/Layer 2/LW{2,1}/dotprod9</P>
    <P Name="SID">6010</P>
    <P Name="Type">LIBRARY_BLOCK</P>
  </ExternalFileReference>
  <ExternalFileReference>
    <P Name="Reference">neural/Transfer Functions/tansig</P>
    <P Name="Path">$bdroot/Predictive Driver/Cascade-Forward Neural Network/Layer 2/tansig</P>
    <P Name="SID">6014</P>
    <P Name="Type">LIBRARY_BLOCK</P>
  </ExternalFileReference>
  <ExternalFileReference>
    <P Name="Reference">neural/Weight Functions/dotprod</P>
    <P Name="Path">$bdroot/Predictive Driver/Cascade-Forward Neural Network/Layer 3/IW{3,1}/dotprod1</P>
    <P Name="SID">6055</P>
    <P Name="Type">LIBRARY_BLOCK</P>
  </ExternalFileReference>
  <ExternalFileReference>
    <P Name="Reference">neural/Weight Functions/dotprod</P>
    <P Name="Path">$bdroot/Predictive Driver/Cascade-Forward Neural Network/Layer 3/IW{3,1}/dotprod10</P>
    <P Name="SID">6056</P>
    <P Name="Type">LIBRARY_BLOCK</P>
  </ExternalFileReference>
  <ExternalFileReference>
    <P Name="Reference">neural/Weight Functions/dotprod</P>
    <P Name="Path">$bdroot/Predictive Driver/Cascade-Forward Neural Network/Layer 3/IW{3,1}/dotprod11</P>
    <P Name="SID">6057</P>
    <P Name="Type">LIBRARY_BLOCK</P>
  </ExternalFileReference>
  <ExternalFileReference>
    <P Name="Reference">neural/Weight Functions/dotprod</P>
    <P Name="Path">$bdroot/Predictive Driver/Cascade-Forward Neural Network/Layer 3/IW{3,1}/dotprod12</P>
    <P Name="SID">6058</P>
    <P Name="Type">LIBRARY_BLOCK</P>
  </ExternalFileReference>
  <ExternalFileReference>
    <P Name="Reference">neural/Weight Functions/dotprod</P>
    <P Name="Path">$bdroot/Predictive Driver/Cascade-Forward Neural Network/Layer 3/IW{3,1}/dotprod13</P>
    <P Name="SID">6059</P>
    <P Name="Type">LIBRARY_BLOCK</P>
  </ExternalFileReference>
  <ExternalFileReference>
    <P Name="Reference">neural/Weight Functions/dotprod</P>
    <P Name="Path">$bdroot/Predictive Driver/Cascade-Forward Neural Network/Layer 3/IW{3,1}/dotprod14</P>
    <P Name="SID">6060</P>
    <P Name="Type">LIBRARY_BLOCK</P>
  </ExternalFileReference>
  <ExternalFileReference>
    <P Name="Reference">neural/Weight Functions/dotprod</P>
    <P Name="Path">$bdroot/Predictive Driver/Cascade-Forward Neural Network/Layer 3/IW{3,1}/dotprod15</P>
    <P Name="SID">6061</P>
    <P Name="Type">LIBRARY_BLOCK</P>
  </ExternalFileReference>
  <ExternalFileReference>
    <P Name="Reference">neural/Weight Functions/dotprod</P>
    <P Name="Path">$bdroot/Predictive Driver/Cascade-Forward Neural Network/Layer 3/IW{3,1}/dotprod16</P>
    <P Name="SID">6062</P>
    <P Name="Type">LIBRARY_BLOCK</P>
  </ExternalFileReference>
  <ExternalFileReference>
    <P Name="Reference">neural/Weight Functions/dotprod</P>
    <P Name="Path">$bdroot/Predictive Driver/Cascade-Forward Neural Network/Layer 3/IW{3,1}/dotprod17</P>
    <P Name="SID">6063</P>
    <P Name="Type">LIBRARY_BLOCK</P>
  </ExternalFileReference>
  <ExternalFileReference>
    <P Name="Reference">neural/Weight Functions/dotprod</P>
    <P Name="Path">$bdroot/Predictive Driver/Cascade-Forward Neural Network/Layer 3/IW{3,1}/dotprod18</P>
    <P Name="SID">6064</P>
    <P Name="Type">LIBRARY_BLOCK</P>
  </ExternalFileReference>
  <ExternalFileReference>
    <P Name="Reference">neural/Weight Functions/dotprod</P>
    <P Name="Path">$bdroot/Predictive Driver/Cascade-Forward Neural Network/Layer 3/IW{3,1}/dotprod19</P>
    <P Name="SID">6065</P>
    <P Name="Type">LIBRARY_BLOCK</P>
  </ExternalFileReference>
  <ExternalFileReference>
    <P Name="Reference">neural/Weight Functions/dotprod</P>
    <P Name="Path">$bdroot/Predictive Driver/Cascade-Forward Neural Network/Layer 3/IW{3,1}/dotprod2</P>
    <P Name="SID">6066</P>
    <P Name="Type">LIBRARY_BLOCK</P>
  </ExternalFileReference>
  <ExternalFileReference>
    <P Name="Reference">neural/Weight Functions/dotprod</P>
    <P Name="Path">$bdroot/Predictive Driver/Cascade-Forward Neural Network/Layer 3/IW{3,1}/dotprod20</P>
    <P Name="SID">6067</P>
    <P Name="Type">LIBRARY_BLOCK</P>
  </ExternalFileReference>
  <ExternalFileReference>
    <P Name="Reference">neural/Weight Functions/dotprod</P>
    <P Name="Path">$bdroot/Predictive Driver/Cascade-Forward Neural Network/Layer 3/IW{3,1}/dotprod3</P>
    <P Name="SID">6068</P>
    <P Name="Type">LIBRARY_BLOCK</P>
  </ExternalFileReference>
  <ExternalFileReference>
    <P Name="Reference">neural/Weight Functions/dotprod</P>
    <P Name="Path">$bdroot/Predictive Driver/Cascade-Forward Neural Network/Layer 3/IW{3,1}/dotprod4</P>
    <P Name="SID">6069</P>
    <P Name="Type">LIBRARY_BLOCK</P>
  </ExternalFileReference>
  <ExternalFileReference>
    <P Name="Reference">neural/Weight Functions/dotprod</P>
    <P Name="Path">$bdroot/Predictive Driver/Cascade-Forward Neural Network/Layer 3/IW{3,1}/dotprod5</P>
    <P Name="SID">6070</P>
    <P Name="Type">LIBRARY_BLOCK</P>
  </ExternalFileReference>
  <ExternalFileReference>
    <P Name="Reference">neural/Weight Functions/dotprod</P>
    <P Name="Path">$bdroot/Predictive Driver/Cascade-Forward Neural Network/Layer 3/IW{3,1}/dotprod6</P>
    <P Name="SID">6071</P>
    <P Name="Type">LIBRARY_BLOCK</P>
  </ExternalFileReference>
  <ExternalFileReference>
    <P Name="Reference">neural/Weight Functions/dotprod</P>
    <P Name="Path">$bdroot/Predictive Driver/Cascade-Forward Neural Network/Layer 3/IW{3,1}/dotprod7</P>
    <P Name="SID">6072</P>
    <P Name="Type">LIBRARY_BLOCK</P>
  </ExternalFileReference>
  <ExternalFileReference>
    <P Name="Reference">neural/Weight Functions/dotprod</P>
    <P Name="Path">$bdroot/Predictive Driver/Cascade-Forward Neural Network/Layer 3/IW{3,1}/dotprod8</P>
    <P Name="SID">6073</P>
    <P Name="Type">LIBRARY_BLOCK</P>
  </ExternalFileReference>
  <ExternalFileReference>
    <P Name="Reference">neural/Weight Functions/dotprod</P>
    <P Name="Path">$bdroot/Predictive Driver/Cascade-Forward Neural Network/Layer 3/IW{3,1}/dotprod9</P>
    <P Name="SID">6074</P>
    <P Name="Type">LIBRARY_BLOCK</P>
  </ExternalFileReference>
  <ExternalFileReference>
    <P Name="Reference">neural/Weight Functions/dotprod</P>
    <P Name="Path">$bdroot/Predictive Driver/Cascade-Forward Neural Network/Layer 3/LW{3,1}/dotprod1</P>
    <P Name="SID">6099</P>
    <P Name="Type">LIBRARY_BLOCK</P>
  </ExternalFileReference>
  <ExternalFileReference>
    <P Name="Reference">neural/Weight Functions/dotprod</P>
    <P Name="Path">$bdroot/Predictive Driver/Cascade-Forward Neural Network/Layer 3/LW{3,1}/dotprod10</P>
    <P Name="SID">6100</P>
    <P Name="Type">LIBRARY_BLOCK</P>
  </ExternalFileReference>
  <ExternalFileReference>
    <P Name="Reference">neural/Weight Functions/dotprod</P>
    <P Name="Path">$bdroot/Predictive Driver/Cascade-Forward Neural Network/Layer 3/LW{3,1}/dotprod11</P>
    <P Name="SID">6101</P>
    <P Name="Type">LIBRARY_BLOCK</P>
  </ExternalFileReference>
  <ExternalFileReference>
    <P Name="Reference">neural/Weight Functions/dotprod</P>
    <P Name="Path">$bdroot/Predictive Driver/Cascade-Forward Neural Network/Layer 3/LW{3,1}/dotprod12</P>
    <P Name="SID">6102</P>
    <P Name="Type">LIBRARY_BLOCK</P>
  </ExternalFileReference>
  <ExternalFileReference>
    <P Name="Reference">neural/Weight Functions/dotprod</P>
    <P Name="Path">$bdroot/Predictive Driver/Cascade-Forward Neural Network/Layer 3/LW{3,1}/dotprod13</P>
    <P Name="SID">6103</P>
    <P Name="Type">LIBRARY_BLOCK</P>
  </ExternalFileReference>
  <ExternalFileReference>
    <P Name="Reference">neural/Weight Functions/dotprod</P>
    <P Name="Path">$bdroot/Predictive Driver/Cascade-Forward Neural Network/Layer 3/LW{3,1}/dotprod14</P>
    <P Name="SID">6104</P>
    <P Name="Type">LIBRARY_BLOCK</P>
  </ExternalFileReference>
  <ExternalFileReference>
    <P Name="Reference">neural/Weight Functions/dotprod</P>
    <P Name="Path">$bdroot/Predictive Driver/Cascade-Forward Neural Network/Layer 3/LW{3,1}/dotprod15</P>
    <P Name="SID">6105</P>
    <P Name="Type">LIBRARY_BLOCK</P>
  </ExternalFileReference>
  <ExternalFileReference>
    <P Name="Reference">neural/Weight Functions/dotprod</P>
    <P Name="Path">$bdroot/Predictive Driver/Cascade-Forward Neural Network/Layer 3/LW{3,1}/dotprod16</P>
    <P Name="SID">6106</P>
    <P Name="Type">LIBRARY_BLOCK</P>
  </ExternalFileReference>
  <ExternalFileReference>
    <P Name="Reference">neural/Weight Functions/dotprod</P>
    <P Name="Path">$bdroot/Predictive Driver/Cascade-Forward Neural Network/Layer 3/LW{3,1}/dotprod17</P>
    <P Name="SID">6107</P>
    <P Name="Type">LIBRARY_BLOCK</P>
  </ExternalFileReference>
  <ExternalFileReference>
    <P Name="Reference">neural/Weight Functions/dotprod</P>
    <P Name="Path">$bdroot/Predictive Driver/Cascade-Forward Neural Network/Layer 3/LW{3,1}/dotprod18</P>
    <P Name="SID">6108</P>
    <P Name="Type">LIBRARY_BLOCK</P>
  </ExternalFileReference>
  <ExternalFileReference>
    <P Name="Reference">neural/Weight Functions/dotprod</P>
    <P Name="Path">$bdroot/Predictive Driver/Cascade-Forward Neural Network/Layer 3/LW{3,1}/dotprod19</P>
    <P Name="SID">6109</P>
    <P Name="Type">LIBRARY_BLOCK</P>
  </ExternalFileReference>
  <ExternalFileReference>
    <P Name="Reference">neural/Weight Functions/dotprod</P>
    <P Name="Path">$bdroot/Predictive Driver/Cascade-Forward Neural Network/Layer 3/LW{3,1}/dotprod2</P>
    <P Name="SID">6110</P>
    <P Name="Type">LIBRARY_BLOCK</P>
  </ExternalFileReference>
  <ExternalFileReference>
    <P Name="Reference">neural/Weight Functions/dotprod</P>
    <P Name="Path">$bdroot/Predictive Driver/Cascade-Forward Neural Network/Layer 3/LW{3,1}/dotprod20</P>
    <P Name="SID">6111</P>
    <P Name="Type">LIBRARY_BLOCK</P>
  </ExternalFileReference>
  <ExternalFileReference>
    <P Name="Reference">neural/Weight Functions/dotprod</P>
    <P Name="Path">$bdroot/Predictive Driver/Cascade-Forward Neural Network/Layer 3/LW{3,1}/dotprod3</P>
    <P Name="SID">6112</P>
    <P Name="Type">LIBRARY_BLOCK</P>
  </ExternalFileReference>
  <ExternalFileReference>
    <P Name="Reference">neural/Weight Functions/dotprod</P>
    <P Name="Path">$bdroot/Predictive Driver/Cascade-Forward Neural Network/Layer 3/LW{3,1}/dotprod4</P>
    <P Name="SID">6113</P>
    <P Name="Type">LIBRARY_BLOCK</P>
  </ExternalFileReference>
  <ExternalFileReference>
    <P Name="Reference">neural/Weight Functions/dotprod</P>
    <P Name="Path">$bdroot/Predictive Driver/Cascade-Forward Neural Network/Layer 3/LW{3,1}/dotprod5</P>
    <P Name="SID">6114</P>
    <P Name="Type">LIBRARY_BLOCK</P>
  </ExternalFileReference>
  <ExternalFileReference>
    <P Name="Reference">neural/Weight Functions/dotprod</P>
    <P Name="Path">$bdroot/Predictive Driver/Cascade-Forward Neural Network/Layer 3/LW{3,1}/dotprod6</P>
    <P Name="SID">6115</P>
    <P Name="Type">LIBRARY_BLOCK</P>
  </ExternalFileReference>
  <ExternalFileReference>
    <P Name="Reference">neural/Weight Functions/dotprod</P>
    <P Name="Path">$bdroot/Predictive Driver/Cascade-Forward Neural Network/Layer 3/LW{3,1}/dotprod7</P>
    <P Name="SID">6116</P>
    <P Name="Type">LIBRARY_BLOCK</P>
  </ExternalFileReference>
  <ExternalFileReference>
    <P Name="Reference">neural/Weight Functions/dotprod</P>
    <P Name="Path">$bdroot/Predictive Driver/Cascade-Forward Neural Network/Layer 3/LW{3,1}/dotprod8</P>
    <P Name="SID">6117</P>
    <P Name="Type">LIBRARY_BLOCK</P>
  </ExternalFileReference>
  <ExternalFileReference>
    <P Name="Reference">neural/Weight Functions/dotprod</P>
    <P Name="Path">$bdroot/Predictive Driver/Cascade-Forward Neural Network/Layer 3/LW{3,1}/dotprod9</P>
    <P Name="SID">6118</P>
    <P Name="Type">LIBRARY_BLOCK</P>
  </ExternalFileReference>
  <ExternalFileReference>
    <P Name="Reference">neural/Weight Functions/dotprod</P>
    <P Name="Path">$bdroot/Predictive Driver/Cascade-Forward Neural Network/Layer 3/LW{3,2}/dotprod1</P>
    <P Name="SID">6143</P>
    <P Name="Type">LIBRARY_BLOCK</P>
  </ExternalFileReference>
  <ExternalFileReference>
    <P Name="Reference">neural/Weight Functions/dotprod</P>
    <P Name="Path">$bdroot/Predictive Driver/Cascade-Forward Neural Network/Layer 3/LW{3,2}/dotprod10</P>
    <P Name="SID">6144</P>
    <P Name="Type">LIBRARY_BLOCK</P>
  </ExternalFileReference>
  <ExternalFileReference>
    <P Name="Reference">neural/Weight Functions/dotprod</P>
    <P Name="Path">$bdroot/Predictive Driver/Cascade-Forward Neural Network/Layer 3/LW{3,2}/dotprod11</P>
    <P Name="SID">6145</P>
    <P Name="Type">LIBRARY_BLOCK</P>
  </ExternalFileReference>
  <ExternalFileReference>
    <P Name="Reference">neural/Weight Functions/dotprod</P>
    <P Name="Path">$bdroot/Predictive Driver/Cascade-Forward Neural Network/Layer 3/LW{3,2}/dotprod12</P>
    <P Name="SID">6146</P>
    <P Name="Type">LIBRARY_BLOCK</P>
  </ExternalFileReference>
  <ExternalFileReference>
    <P Name="Reference">neural/Weight Functions/dotprod</P>
    <P Name="Path">$bdroot/Predictive Driver/Cascade-Forward Neural Network/Layer 3/LW{3,2}/dotprod13</P>
    <P Name="SID">6147</P>
    <P Name="Type">LIBRARY_BLOCK</P>
  </ExternalFileReference>
  <ExternalFileReference>
    <P Name="Reference">neural/Weight Functions/dotprod</P>
    <P Name="Path">$bdroot/Predictive Driver/Cascade-Forward Neural Network/Layer 3/LW{3,2}/dotprod14</P>
    <P Name="SID">6148</P>
    <P Name="Type">LIBRARY_BLOCK</P>
  </ExternalFileReference>
  <ExternalFileReference>
    <P Name="Reference">neural/Weight Functions/dotprod</P>
    <P Name="Path">$bdroot/Predictive Driver/Cascade-Forward Neural Network/Layer 3/LW{3,2}/dotprod15</P>
    <P Name="SID">6149</P>
    <P Name="Type">LIBRARY_BLOCK</P>
  </ExternalFileReference>
  <ExternalFileReference>
    <P Name="Reference">neural/Weight Functions/dotprod</P>
    <P Name="Path">$bdroot/Predictive Driver/Cascade-Forward Neural Network/Layer 3/LW{3,2}/dotprod16</P>
    <P Name="SID">6150</P>
    <P Name="Type">LIBRARY_BLOCK</P>
  </ExternalFileReference>
  <ExternalFileReference>
    <P Name="Reference">neural/Weight Functions/dotprod</P>
    <P Name="Path">$bdroot/Predictive Driver/Cascade-Forward Neural Network/Layer 3/LW{3,2}/dotprod17</P>
    <P Name="SID">6151</P>
    <P Name="Type">LIBRARY_BLOCK</P>
  </ExternalFileReference>
  <ExternalFileReference>
    <P Name="Reference">neural/Weight Functions/dotprod</P>
    <P Name="Path">$bdroot/Predictive Driver/Cascade-Forward Neural Network/Layer 3/LW{3,2}/dotprod18</P>
    <P Name="SID">6152</P>
    <P Name="Type">LIBRARY_BLOCK</P>
  </ExternalFileReference>
  <ExternalFileReference>
    <P Name="Reference">neural/Weight Functions/dotprod</P>
    <P Name="Path">$bdroot/Predictive Driver/Cascade-Forward Neural Network/Layer 3/LW{3,2}/dotprod19</P>
    <P Name="SID">6153</P>
    <P Name="Type">LIBRARY_BLOCK</P>
  </ExternalFileReference>
  <ExternalFileReference>
    <P Name="Reference">neural/Weight Functions/dotprod</P>
    <P Name="Path">$bdroot/Predictive Driver/Cascade-Forward Neural Network/Layer 3/LW{3,2}/dotprod2</P>
    <P Name="SID">6154</P>
    <P Name="Type">LIBRARY_BLOCK</P>
  </ExternalFileReference>
  <ExternalFileReference>
    <P Name="Reference">neural/Weight Functions/dotprod</P>
    <P Name="Path">$bdroot/Predictive Driver/Cascade-Forward Neural Network/Layer 3/LW{3,2}/dotprod20</P>
    <P Name="SID">6155</P>
    <P Name="Type">LIBRARY_BLOCK</P>
  </ExternalFileReference>
  <ExternalFileReference>
    <P Name="Reference">neural/Weight Functions/dotprod</P>
    <P Name="Path">$bdroot/Predictive Driver/Cascade-Forward Neural Network/Layer 3/LW{3,2}/dotprod3</P>
    <P Name="SID">6156</P>
    <P Name="Type">LIBRARY_BLOCK</P>
  </ExternalFileReference>
  <ExternalFileReference>
    <P Name="Reference">neural/Weight Functions/dotprod</P>
    <P Name="Path">$bdroot/Predictive Driver/Cascade-Forward Neural Network/Layer 3/LW{3,2}/dotprod4</P>
    <P Name="SID">6157</P>
    <P Name="Type">LIBRARY_BLOCK</P>
  </ExternalFileReference>
  <ExternalFileReference>
    <P Name="Reference">neural/Weight Functions/dotprod</P>
    <P Name="Path">$bdroot/Predictive Driver/Cascade-Forward Neural Network/Layer 3/LW{3,2}/dotprod5</P>
    <P Name="SID">6158</P>
    <P Name="Type">LIBRARY_BLOCK</P>
  </ExternalFileReference>
  <ExternalFileReference>
    <P Name="Reference">neural/Weight Functions/dotprod</P>
    <P Name="Path">$bdroot/Predictive Driver/Cascade-Forward Neural Network/Layer 3/LW{3,2}/dotprod6</P>
    <P Name="SID">6159</P>
    <P Name="Type">LIBRARY_BLOCK</P>
  </ExternalFileReference>
  <ExternalFileReference>
    <P Name="Reference">neural/Weight Functions/dotprod</P>
    <P Name="Path">$bdroot/Predictive Driver/Cascade-Forward Neural Network/Layer 3/LW{3,2}/dotprod7</P>
    <P Name="SID">6160</P>
    <P Name="Type">LIBRARY_BLOCK</P>
  </ExternalFileReference>
  <ExternalFileReference>
    <P Name="Reference">neural/Weight Functions/dotprod</P>
    <P Name="Path">$bdroot/Predictive Driver/Cascade-Forward Neural Network/Layer 3/LW{3,2}/dotprod8</P>
    <P Name="SID">6161</P>
    <P Name="Type">LIBRARY_BLOCK</P>
  </ExternalFileReference>
  <ExternalFileReference>
    <P Name="Reference">neural/Weight Functions/dotprod</P>
    <P Name="Path">$bdroot/Predictive Driver/Cascade-Forward Neural Network/Layer 3/LW{3,2}/dotprod9</P>
    <P Name="SID">6162</P>
    <P Name="Type">LIBRARY_BLOCK</P>
  </ExternalFileReference>
  <ExternalFileReference>
    <P Name="Reference">neural/Transfer Functions/tansig</P>
    <P Name="Path">$bdroot/Predictive Driver/Cascade-Forward Neural Network/Layer 3/tansig</P>
    <P Name="SID">6166</P>
    <P Name="Type">LIBRARY_BLOCK</P>
  </ExternalFileReference>
  <ExternalFileReference>
    <P Name="Reference">neural/Weight Functions/dotprod</P>
    <P Name="Path">$bdroot/Predictive Driver/Cascade-Forward Neural Network/Layer 4/IW{4,1}/dotprod1</P>
    <P Name="SID">6193</P>
    <P Name="Type">LIBRARY_BLOCK</P>
  </ExternalFileReference>
  <ExternalFileReference>
    <P Name="Reference">neural/Weight Functions/dotprod</P>
    <P Name="Path">$bdroot/Predictive Driver/Cascade-Forward Neural Network/Layer 4/LW{4,1}/dotprod1</P>
    <P Name="SID">6199</P>
    <P Name="Type">LIBRARY_BLOCK</P>
  </ExternalFileReference>
  <ExternalFileReference>
    <P Name="Reference">neural/Weight Functions/dotprod</P>
    <P Name="Path">$bdroot/Predictive Driver/Cascade-Forward Neural Network/Layer 4/LW{4,2}/dotprod1</P>
    <P Name="SID">6205</P>
    <P Name="Type">LIBRARY_BLOCK</P>
  </ExternalFileReference>
  <ExternalFileReference>
    <P Name="Reference">neural/Weight Functions/dotprod</P>
    <P Name="Path">$bdroot/Predictive Driver/Cascade-Forward Neural Network/Layer 4/LW{4,3}/dotprod1</P>
    <P Name="SID">6211</P>
    <P Name="Type">LIBRARY_BLOCK</P>
  </ExternalFileReference>
  <ExternalFileReference>
    <P Name="Reference">neural/Transfer Functions/purelin</P>
    <P Name="Path">$bdroot/Predictive Driver/Cascade-Forward Neural Network/Layer 4/purelin</P>
    <P Name="SID">6215</P>
    <P Name="Type">LIBRARY_BLOCK</P>
  </ExternalFileReference>
  <ExternalFileReference>
    <P Name="Reference">neural/Processing Functions/mapminmax</P>
    <P Name="Path">$bdroot/Predictive Driver/Cascade-Forward Neural Network/Process Input 1/mapminmax</P>
    <P Name="SID">6219</P>
    <P Name="Type">LIBRARY_BLOCK</P>
  </ExternalFileReference>
  <ExternalFileReference>
    <P Name="Reference">neural/Processing Functions/removeconstantrows</P>
    <P Name="Path">$bdroot/Predictive Driver/Cascade-Forward Neural Network/Process Input 1/removeconstantrows</P>
    <P Name="SID">6220</P>
    <P Name="Type">LIBRARY_BLOCK</P>
  </ExternalFileReference>
  <ExternalFileReference>
    <P Name="Reference">neural/Processing Functions/mapminmax_reverse</P>
    <P Name="Path">$bdroot/Predictive Driver/Cascade-Forward Neural Network/Process Output 1/mapminmax_reverse</P>
    <P Name="SID">6224</P>
    <P Name="Type">LIBRARY_BLOCK</P>
  </ExternalFileReference>
  <ExternalFileReference>
    <P Name="Reference">vehdynlibdriver/Predictive Driver</P>
    <P Name="Path">$bdroot/Predictive Driver/Linear Predictive Driver</P>
    <P Name="SID">1858</P>
    <P Name="Type">LIBRARY_BLOCK</P>
  </ExternalFileReference>
  <ExternalFileReference>
    <P Name="Reference">sim3dlib/Simulation 3D Config</P>
    <P Name="Path">$bdroot/Visualization/3D Engine/3D Engine/Simulation 3D Engine 1</P>
    <P Name="SID">2088</P>
    <P Name="Type">LIBRARY_BLOCK</P>
  </ExternalFileReference>
  <ExternalFileReference>
    <P Name="Reference">sim3dlib/Simulation 3D Actor Transform Set</P>
    <P Name="Path">$bdroot/Visualization/3D Engine/3D Engine/Vehicle Actor Transform Set</P>
    <P Name="SID">2282</P>
    <P Name="Type">LIBRARY_BLOCK</P>
  </ExternalFileReference>
  <ExternalFileReference>
    <P Name="Reference">vehdynlibviscommon/Vehicle XY Plotter</P>
    <P Name="Path">$bdroot/Visualization/Vehicle XY Plotter/Vehicle XY Plotter</P>
    <P Name="SID">2394</P>
    <P Name="Type">LIBRARY_BLOCK</P>
  </ExternalFileReference>
  <P Name="OrderedModelArguments">1</P>
</GraphicalInterface>
