<?xml version="1.0" encoding="utf-8"?>
<Stateflow>
  <machine id="350">
    <P Name="created">19-Sep-2017 08:35:37</P>
    <P Name="isLibrary">0</P>
    <P Name="sfVersion">80000014</P>
    <P Name="sfDemoChecksum">[1020576182 2433388729 3682715255 3872990374]</P>
    <P Name="zeroJitEmissions">1</P>
    <Children>
      <target id="428" name="sfun">
        <P Name="description">Default Simulink S-Function Target.</P>
      </target>
      <target id="429" name="rtw"/>
      <chart id="351">
        <P Name="name">Controllers/Transmission Controller/TCM/TCM Shift Controller</P>
        <P Name="windowPosition">[1912 -8 1936 1216]</P>
        <P Name="viewLimits">[-209.004 1490.191 -15.449 696.18]</P>
        <P Name="zoomFactor">2.766</P>
        <P Name="screen">[1 1 1920 1080 1.611111111111111]</P>
        <P Name="viewObj">351</P>
        <subviewS>
          <P Name="zoomFactor">2.062</P>
        </subviewS>
        <P Name="ssIdHighWaterMark">349</P>
        <P Name="decomposition">SET_CHART</P>
        <P Name="sampleTime">0.01</P>
        <P Name="chartFileNumber">1</P>
        <P Name="userSpecifiedStateTransitionExecutionOrder">1</P>
        <P Name="disableImplicitCasting">1</P>
        <Children>
          <state SSID="17">
            <P Name="labelString">GearState</P>
            <P Name="position">[20.8306 9.4478 1239.5251 294.3635]</P>
            <P Name="fontSize">12</P>
            <P Name="subviewer">351</P>
            <P Name="type">AND_STATE</P>
            <P Name="decomposition">CLUSTER_STATE</P>
            <P Name="executionOrder">1</P>
            <Children>
              <state SSID="1">
                <P Name="labelString">Neutral
en: 
  GearState = 0;
</P>
                <P Name="position">[269.7534 61.0377 182.9454 79.422]</P>
                <P Name="fontSize">12</P>
                <P Name="subviewer">351</P>
                <P Name="type">OR_STATE</P>
                <P Name="decomposition">CLUSTER_STATE</P>
              </state>
              <state SSID="5">
                <P Name="labelString">G1
en: 
  GearState = 1;
</P>
                <P Name="position">[523.7843 61.0377 182.9454 79.422]</P>
                <P Name="fontSize">12</P>
                <P Name="subviewer">351</P>
                <P Name="type">OR_STATE</P>
                <P Name="decomposition">CLUSTER_STATE</P>
              </state>
              <state SSID="6">
                <P Name="labelString">G2
en: 
  GearState = 2;
du:
  [SpdThr] = calc(2,pedal,speed);</P>
                <P Name="position">[779.1187 61.0377 182.9454 79.422]</P>
                <P Name="fontSize">12</P>
                <P Name="subviewer">351</P>
                <P Name="type">OR_STATE</P>
                <P Name="decomposition">CLUSTER_STATE</P>
              </state>
              <state SSID="41">
                <P Name="labelString">G3
en: 
  GearState = 3;
du:
  [SpdThr] = calc(3,pedal,speed);</P>
                <P Name="position">[1053.4846 61.0377 182.9454 79.422]</P>
                <P Name="fontSize">12</P>
                <P Name="subviewer">351</P>
                <P Name="type">OR_STATE</P>
                <P Name="decomposition">CLUSTER_STATE</P>
              </state>
              <state SSID="347">
                <P Name="labelString">G8
en:
  GearState = 8;
</P>
                <P Name="position">[43.2319 192.94 182.9454 79.422]</P>
                <P Name="fontSize">12</P>
                <P Name="subviewer">351</P>
                <P Name="type">OR_STATE</P>
                <P Name="decomposition">CLUSTER_STATE</P>
              </state>
              <state SSID="344">
                <P Name="labelString">G7
en:
  GearState = 7;
</P>
                <P Name="position">[276.1465 192.94 182.9454 79.422]</P>
                <P Name="fontSize">12</P>
                <P Name="subviewer">351</P>
                <P Name="type">OR_STATE</P>
                <P Name="decomposition">CLUSTER_STATE</P>
              </state>
              <state SSID="85">
                <P Name="labelString">G6
en:
  GearState = 6;
</P>
                <P Name="position">[523.7843 192.94 182.9454 79.422]</P>
                <P Name="fontSize">12</P>
                <P Name="subviewer">351</P>
                <P Name="type">OR_STATE</P>
                <P Name="decomposition">CLUSTER_STATE</P>
              </state>
              <state SSID="324">
                <P Name="labelString">G5
en:GearState=5;
du:[SpdThr]=calc(5,pedal,speed);</P>
                <P Name="position">[779.1187 192.94 182.9454 79.422]</P>
                <P Name="fontSize">12</P>
                <P Name="subviewer">351</P>
                <P Name="type">OR_STATE</P>
                <P Name="decomposition">CLUSTER_STATE</P>
              </state>
              <state SSID="42">
                <P Name="labelString">G4
en:
  GearState = 4;
du:
  [SpdThr] = calc(4,pedal,speed);</P>
                <P Name="position">[1053.4846 192.94 182.9454 79.422]</P>
                <P Name="fontSize">12</P>
                <P Name="subviewer">351</P>
                <P Name="type">OR_STATE</P>
                <P Name="decomposition">CLUSTER_STATE</P>
              </state>
              <event SSID="48">
                <P Name="name">Up</P>
                <P Name="scope">LOCAL_EVENT</P>
                <P Name="trigger">EITHER_EDGE_EVENT</P>
              </event>
              <event SSID="71">
                <P Name="name">Down</P>
                <P Name="scope">LOCAL_EVENT</P>
                <P Name="trigger">EITHER_EDGE_EVENT</P>
              </event>
              <transition SSID="2">
                <P Name="labelPosition">[572.462 46.038 8.947 17.934]</P>
                <P Name="fontSize">12</P>
                <src>
                  <P Name="intersection">[0 -0 1 0 572.4615 31.0377 0 0]</P>
                </src>
                <dst>
                  <P Name="SSID">5</P>
                  <P Name="intersection">[1 0 -1 0.2661 572.4615 61.0377 0 0]</P>
                </dst>
                <P Name="midPoint">[572.4615 46.0377]</P>
                <P Name="dataLimits">[570.062 574.861 31.038 61.038]</P>
                <P Name="subviewer">351</P>
                <P Name="drawStyle">SMART</P>
                <slide>
                  <P Name="sticky">BOTH_STICK</P>
                </slide>
                <P Name="executionOrder">1</P>
              </transition>
              <transition SSID="32">
                <P Name="labelString">[~Neutral]</P>
                <P Name="labelPosition">[461.109 58.25 54.297 16]</P>
                <P Name="fontSize">12</P>
                <src>
                  <P Name="SSID">1</P>
                  <P Name="intersection">[2 1 0 0.2278 452.6988 79.1301 0 -45.6382]</P>
                </src>
                <dst>
                  <P Name="SSID">5</P>
                  <P Name="intersection">[4 -1 0 0.7722 523.7843 79.1301 0 45.6382]</P>
                </dst>
                <P Name="midPoint">[484.2415 79.1301]</P>
                <P Name="dataLimits">[452.699 523.784 76.73 81.53]</P>
                <P Name="stampAngle">NaN</P>
                <P Name="subviewer">351</P>
                <P Name="drawStyle">SMART</P>
                <slide>
                  <P Name="sticky">BOTH_STICK</P>
                </slide>
                <P Name="executionOrder">1</P>
              </transition>
              <transition SSID="9">
                <P Name="labelString">Up</P>
                <P Name="labelPosition">[732.356 60.969 17.895 17.934]</P>
                <P Name="fontSize">12</P>
                <src>
                  <P Name="SSID">5</P>
                  <P Name="intersection">[2 1 0 0.2399 706.7297 80.0872 0 -46.0204]</P>
                </src>
                <dst>
                  <P Name="SSID">6</P>
                  <P Name="intersection">[4 -1 0 0.7601 779.1187 80.0872 0 46.0204]</P>
                </dst>
                <P Name="midPoint">[738.9242 80.0872]</P>
                <P Name="dataLimits">[706.73 779.119 77.687 82.487]</P>
                <P Name="stampAngle">NaN</P>
                <P Name="subviewer">351</P>
                <P Name="drawStyle">SMART</P>
                <slide>
                  <P Name="sticky">BOTH_STICK</P>
                </slide>
                <P Name="executionOrder">1</P>
              </transition>
              <transition SSID="43">
                <P Name="labelString">Up</P>
                <P Name="labelPosition">[1003.286 65.896 17.895 17.934]</P>
                <P Name="fontSize">12</P>
                <src>
                  <P Name="SSID">6</P>
                  <P Name="intersection">[2 1 0 0.2966 962.0641 84.5956 0 -47.8341]</P>
                </src>
                <dst>
                  <P Name="SSID">41</P>
                  <P Name="intersection">[4 -1 0 0.7034 1053.4846 84.5956 0 47.8341]</P>
                </dst>
                <P Name="midPoint">[1003.7744 84.5956]</P>
                <P Name="dataLimits">[962.064 1053.485 82.196 86.996]</P>
                <P Name="stampAngle">NaN</P>
                <P Name="subviewer">351</P>
                <P Name="drawStyle">SMART</P>
                <slide>
                  <P Name="sticky">BOTH_STICK</P>
                </slide>
                <P Name="executionOrder">1</P>
              </transition>
              <transition SSID="88">
                <P Name="labelString">[Neutral]</P>
                <P Name="labelPosition">[464.634 115.887 47.297 16]</P>
                <P Name="fontSize">12</P>
                <src>
                  <P Name="SSID">5</P>
                  <P Name="intersection">[4 -1 0 0.3105 523.7843 115.7967 0 -26.9288]</P>
                </src>
                <dst>
                  <P Name="SSID">1</P>
                  <P Name="intersection">[2 1 0 0.6895 452.6988 115.7967 0 26.9288]</P>
                </dst>
                <P Name="midPoint">[492.2415 115.7967]</P>
                <P Name="dataLimits">[452.699 523.784 113.397 118.197]</P>
                <P Name="stampAngle">NaN</P>
                <P Name="subviewer">351</P>
                <P Name="drawStyle">SMART</P>
                <slide>
                  <P Name="sticky">BOTH_STICK</P>
                </slide>
                <P Name="executionOrder">2</P>
              </transition>
              <transition SSID="70">
                <P Name="labelString">Down</P>
                <P Name="labelPosition">[725.663 118.554 31.955 17.934]</P>
                <P Name="fontSize">12</P>
                <src>
                  <P Name="SSID">6</P>
                  <P Name="intersection">[4 -1 0 0.2974 779.1187 116.8372 0 -28.7456]</P>
                </src>
                <dst>
                  <P Name="SSID">5</P>
                  <P Name="intersection">[2 1 0 0.7026 706.7297 116.8372 0 28.7456]</P>
                </dst>
                <P Name="midPoint">[746.9242 116.8372]</P>
                <P Name="dataLimits">[706.73 779.119 114.437 119.237]</P>
                <P Name="stampAngle">NaN</P>
                <P Name="subviewer">351</P>
                <P Name="drawStyle">SMART</P>
                <slide>
                  <P Name="sticky">BOTH_STICK</P>
                </slide>
                <P Name="executionOrder">2</P>
              </transition>
              <transition SSID="69">
                <P Name="labelString">Down</P>
                <P Name="labelPosition">[992.971 118.364 31.955 17.934]</P>
                <P Name="fontSize">12</P>
                <src>
                  <P Name="SSID">41</P>
                  <P Name="intersection">[4 -1 0 0.2904 1053.4846 117.3956 0 -19.2354]</P>
                </src>
                <dst>
                  <P Name="SSID">6</P>
                  <P Name="intersection">[2 1 0 0.7096 962.0641 117.3956 0 19.2354]</P>
                </dst>
                <P Name="midPoint">[1011.7744 117.3956]</P>
                <P Name="dataLimits">[962.064 1053.485 114.996 119.796]</P>
                <P Name="stampAngle">NaN</P>
                <P Name="subviewer">351</P>
                <P Name="drawStyle">SMART</P>
                <slide>
                  <P Name="sticky">BOTH_STICK</P>
                </slide>
                <P Name="executionOrder">2</P>
              </transition>
              <transition SSID="44">
                <P Name="labelString">Up</P>
                <P Name="labelPosition">[1078.974 155.284 17.895 17.934]</P>
                <P Name="fontSize">12</P>
                <src>
                  <P Name="SSID">41</P>
                  <P Name="intersection">[3 0 1 0.7384 1101.3368 140.4597 0 51.6089]</P>
                </src>
                <dst>
                  <P Name="SSID">42</P>
                  <P Name="intersection">[1 0 -1 0.2616 1101.3368 192.94 0 -51.6089]</P>
                </dst>
                <P Name="midPoint">[1101.3368 162.6999]</P>
                <P Name="dataLimits">[1098.937 1103.737 140.46 192.94]</P>
                <P Name="stampAngle">NaN</P>
                <P Name="subviewer">351</P>
                <P Name="drawStyle">SMART</P>
                <slide>
                  <P Name="sticky">BOTH_STICK</P>
                </slide>
                <P Name="executionOrder">1</P>
              </transition>
              <transition SSID="68">
                <P Name="labelString">Down</P>
                <P Name="labelPosition">[1190.043 158.286 31.955 17.934]</P>
                <P Name="fontSize">12</P>
                <src>
                  <P Name="SSID">42</P>
                  <P Name="intersection">[1 0 -1 0.7244 1186.0035 192.94 0 20.4196]</P>
                </src>
                <dst>
                  <P Name="SSID">41</P>
                  <P Name="intersection">[3 0 1 0.2756 1186.0035 140.4597 0 -20.4196]</P>
                </dst>
                <P Name="midPoint">[1186.0035 170.6999]</P>
                <P Name="dataLimits">[1183.603 1188.404 140.46 192.94]</P>
                <P Name="stampAngle">NaN</P>
                <P Name="subviewer">351</P>
                <P Name="drawStyle">SMART</P>
                <slide>
                  <P Name="sticky">BOTH_STICK</P>
                </slide>
                <P Name="executionOrder">2</P>
              </transition>
              <transition SSID="348">
                <P Name="labelString">Up</P>
                <P Name="labelPosition">[240.279 197.436 17.328 16]</P>
                <P Name="fontSize">12</P>
                <src>
                  <P Name="SSID">344</P>
                  <P Name="intersection">[4 -1 0 0.734 276.1465 214.065 0 0]</P>
                </src>
                <dst>
                  <P Name="SSID">347</P>
                  <P Name="intersection">[2 1 -0 0.266 226.1773 214.065 0 0]</P>
                </dst>
                <P Name="midPoint">[255.1619 214.065]</P>
                <P Name="dataLimits">[226.177 276.147 211.665 216.465]</P>
                <P Name="subviewer">351</P>
                <P Name="drawStyle">SMART</P>
                <slide>
                  <P Name="sticky">BOTH_STICK</P>
                </slide>
                <P Name="executionOrder">1</P>
              </transition>
              <transition SSID="86">
                <P Name="labelString">Up</P>
                <P Name="labelPosition">[734.512 195.072 17.895 17.934]</P>
                <P Name="fontSize">12</P>
                <src>
                  <P Name="SSID">324</P>
                  <P Name="intersection">[4 -1 0 0.7206 779.1187 215.1289 0 51.6931]</P>
                </src>
                <dst>
                  <P Name="SSID">85</P>
                  <P Name="intersection">[2 1 0 0.2794 706.7297 215.1289 0 -51.6931]</P>
                </dst>
                <P Name="midPoint">[746.9242 215.1289]</P>
                <P Name="dataLimits">[706.73 779.119 212.729 217.529]</P>
                <P Name="stampAngle">NaN</P>
                <P Name="subviewer">351</P>
                <P Name="drawStyle">SMART</P>
                <slide>
                  <P Name="sticky">BOTH_STICK</P>
                </slide>
                <P Name="executionOrder">1</P>
              </transition>
              <transition SSID="345">
                <P Name="labelString">Up</P>
                <P Name="labelPosition">[478.581 196.75 17.328 16]</P>
                <P Name="fontSize">12</P>
                <src>
                  <P Name="SSID">85</P>
                  <P Name="intersection">[4 -1 0 0.7124 523.7843 215.7787 0 0]</P>
                </src>
                <dst>
                  <P Name="SSID">344</P>
                  <P Name="intersection">[2 1 -0 0.2876 459.0919 215.7787 0 0]</P>
                </dst>
                <P Name="midPoint">[495.4381 215.7787]</P>
                <P Name="dataLimits">[459.092 523.784 213.379 218.179]</P>
                <P Name="subviewer">351</P>
                <P Name="drawStyle">SMART</P>
                <slide>
                  <P Name="sticky">BOTH_STICK</P>
                </slide>
                <P Name="executionOrder">1</P>
              </transition>
              <transition SSID="327">
                <P Name="labelString">Up</P>
                <P Name="labelPosition">[993.75 198.021 17.895 17.934]</P>
                <P Name="fontSize">12</P>
                <src>
                  <P Name="SSID">42</P>
                  <P Name="intersection">[4 -1 0 0.7093 1053.4846 216.0289 0 57.7512]</P>
                </src>
                <dst>
                  <P Name="SSID">324</P>
                  <P Name="intersection">[2 1 -0 0.2907 962.0641 216.0289 0 -57.7512]</P>
                </dst>
                <P Name="midPoint">[1011.7744 216.0289]</P>
                <P Name="dataLimits">[962.064 1053.485 213.629 218.429]</P>
                <P Name="stampAngle">NaN</P>
                <P Name="subviewer">351</P>
                <P Name="drawStyle">SMART</P>
                <slide>
                  <P Name="sticky">BOTH_STICK</P>
                </slide>
                <P Name="executionOrder">1</P>
              </transition>
              <transition SSID="328">
                <P Name="labelString">Down</P>
                <P Name="labelPosition">[990.471 254.125 31.955 17.934]</P>
                <P Name="fontSize">12</P>
                <src>
                  <P Name="SSID">324</P>
                  <P Name="intersection">[2 1 0 0.7125 962.0641 249.5289 0 21.8287]</P>
                </src>
                <dst>
                  <P Name="SSID">42</P>
                  <P Name="intersection">[4 -1 0 0.2875 1053.4846 249.5289 0 -22.9904]</P>
                </dst>
                <P Name="midPoint">[1003.7744 249.5289]</P>
                <P Name="dataLimits">[962.064 1053.485 247.129 251.929]</P>
                <P Name="stampAngle">NaN</P>
                <P Name="subviewer">351</P>
                <P Name="drawStyle">SMART</P>
                <slide>
                  <P Name="sticky">BOTH_STICK</P>
                </slide>
                <P Name="executionOrder">2</P>
              </transition>
              <transition SSID="87">
                <P Name="labelString">Down</P>
                <P Name="labelPosition">[727.838 253.955 31.955 17.934]</P>
                <P Name="fontSize">12</P>
                <src>
                  <P Name="SSID">85</P>
                  <P Name="intersection">[2 1 0 0.7358 706.7297 251.3789 0 20.3354]</P>
                </src>
                <dst>
                  <P Name="SSID">324</P>
                  <P Name="intersection">[4 -1 0 0.2642 779.1187 251.3789 0 -20.3354]</P>
                </dst>
                <P Name="midPoint">[738.9242 251.3789]</P>
                <P Name="dataLimits">[706.73 779.119 248.979 253.779]</P>
                <P Name="stampAngle">NaN</P>
                <P Name="subviewer">351</P>
                <P Name="drawStyle">SMART</P>
                <slide>
                  <P Name="sticky">BOTH_STICK</P>
                </slide>
                <P Name="executionOrder">2</P>
              </transition>
              <transition SSID="346">
                <P Name="labelString">Down</P>
                <P Name="labelPosition">[475.548 232.452 32.656 16]</P>
                <P Name="fontSize">12</P>
                <src>
                  <P Name="SSID">344</P>
                  <P Name="intersection">[2 1 0 0.7536 459.0919 252.7948 0 0]</P>
                </src>
                <dst>
                  <P Name="SSID">85</P>
                  <P Name="intersection">[4 -1 -0 0.2464 523.7843 252.7948 0 0]</P>
                </dst>
                <P Name="midPoint">[487.4381 252.7948]</P>
                <P Name="dataLimits">[459.092 523.784 250.395 255.195]</P>
                <P Name="subviewer">351</P>
                <P Name="drawStyle">SMART</P>
                <slide>
                  <P Name="sticky">BOTH_STICK</P>
                </slide>
                <P Name="executionOrder">2</P>
              </transition>
              <transition SSID="349">
                <P Name="labelString">Down</P>
                <P Name="labelPosition">[231.008 237.205 32.656 16]</P>
                <P Name="fontSize">12</P>
                <src>
                  <P Name="SSID">347</P>
                  <P Name="intersection">[2 1 0 0.7838 226.1773 255.194 0 0]</P>
                </src>
                <dst>
                  <P Name="SSID">344</P>
                  <P Name="intersection">[4 -1 -0 0.2162 276.1465 255.194 0 0]</P>
                </dst>
                <P Name="midPoint">[247.1619 255.194]</P>
                <P Name="dataLimits">[226.177 276.147 252.794 257.594]</P>
                <P Name="subviewer">351</P>
                <P Name="drawStyle">SMART</P>
                <slide>
                  <P Name="sticky">BOTH_STICK</P>
                </slide>
                <P Name="executionOrder">1</P>
              </transition>
            </Children>
          </state>
          <state SSID="18">
            <P Name="labelString">SelectionState
du:[up_th]=calc_up(GearState,pedal);
du:[down_th]=calc_down(GearState,pedal);</P>
            <P Name="position">[260.0889 316.004 710.3362 355.2792]</P>
            <P Name="fontSize">12</P>
            <P Name="subviewer">351</P>
            <P Name="type">AND_STATE</P>
            <P Name="decomposition">CLUSTER_STATE</P>
            <P Name="executionOrder">2</P>
            <Children>
              <state SSID="11">
                <P Name="labelString">SteadyState
en:
  clutchControl = 0;</P>
                <P Name="position">[563.5024 364.6444 122.5858 62.1098]</P>
                <P Name="fontSize">12</P>
                <P Name="subviewer">351</P>
                <P Name="type">OR_STATE</P>
                <P Name="decomposition">CLUSTER_STATE</P>
              </state>
              <state SSID="157">
                <P Name="labelString">preDownShifting</P>
                <P Name="position">[284.1797 462.7334 166.879 72.333]</P>
                <P Name="fontSize">12</P>
                <P Name="subviewer">351</P>
                <P Name="type">OR_STATE</P>
                <P Name="decomposition">CLUSTER_STATE</P>
              </state>
              <state SSID="149">
                <P Name="labelString">preUpShifting</P>
                <P Name="position">[766.3968 468.9697 161.4137 65.6142]</P>
                <P Name="fontSize">12</P>
                <P Name="subviewer">351</P>
                <P Name="type">OR_STATE</P>
                <P Name="decomposition">CLUSTER_STATE</P>
              </state>
              <state SSID="13">
                <P Name="labelString">UpShifting
en: 
  GearState = GearState + 0.5;
</P>
                <P Name="position">[767.192 575.0293 188.9381 72.8079]</P>
                <P Name="fontSize">12</P>
                <P Name="subviewer">351</P>
                <P Name="type">OR_STATE</P>
                <P Name="decomposition">CLUSTER_STATE</P>
              </state>
              <state SSID="56">
                <P Name="labelString">DownShifting
en: 
  GearState = GearState - 0.5;
</P>
                <P Name="position">[278.8097 579.613 181.9894 73.1618]</P>
                <P Name="fontSize">12</P>
                <P Name="subviewer">351</P>
                <P Name="type">OR_STATE</P>
                <P Name="decomposition">CLUSTER_STATE</P>
              </state>
              <transition SSID="19">
                <P Name="labelPosition">[626.853 346.639 8.947 17.934]</P>
                <P Name="fontSize">12</P>
                <src>
                  <P Name="intersection">[0 0 1 0 626.853 335.9044 0 0]</P>
                </src>
                <dst>
                  <P Name="SSID">11</P>
                  <P Name="intersection">[1 0 -1 0.5168 626.853 364.6444 0 0]</P>
                </dst>
                <P Name="midPoint">[626.853 346.6385]</P>
                <P Name="dataLimits">[624.453 629.253 335.904 364.644]</P>
                <P Name="subviewer">351</P>
                <P Name="drawStyle">SMART</P>
                <slide>
                  <P Name="sticky">BOTH_STICK</P>
                </slide>
                <P Name="executionOrder">1</P>
              </transition>
              <transition SSID="63">
                <P Name="labelString">[speed &lt; down_th &amp;&amp; ...
GearState &gt;1]
</P>
                <P Name="labelPosition">[424.106 397.831 129.656 44]</P>
                <P Name="fontSize">12</P>
                <src>
                  <P Name="SSID">11</P>
                  <P Name="intersection">[4 -1 0 0.5 563.5024 395.6993 0 0]</P>
                </src>
                <dst>
                  <P Name="SSID">62</P>
                  <P Name="intersection">[2 1 0 0 374.6192 395.6993 0 0]</P>
                </dst>
                <P Name="midPoint">[473.0608 395.6993]</P>
                <P Name="dataLimits">[374.619 563.502 393.299 398.099]</P>
                <P Name="subviewer">351</P>
                <P Name="drawStyle">SMART</P>
                <slide>
                  <P Name="sticky">BOTH_STICK</P>
                </slide>
                <P Name="executionOrder">1</P>
              </transition>
              <transition SSID="21">
                <P Name="labelString">[speed &gt; up_th &amp;&amp;...
GearState &lt;= 5 &amp;&amp; ...
floor(GearState) == GearState]
</P>
                <P Name="labelPosition">[701.274 399.963 166.578 58]</P>
                <P Name="fontSize">12</P>
                <src>
                  <P Name="SSID">11</P>
                  <P Name="intersection">[2 1 0 0.5 686.0882 395.6993 0 -28.3929]</P>
                </src>
                <dst>
                  <P Name="SSID">128</P>
                  <P Name="intersection">[4 -1 0 0 879.6226 395.6993 0 205.1196]</P>
                </dst>
                <P Name="midPoint">[778.8554 395.6993]</P>
                <P Name="dataLimits">[686.088 879.623 393.299 398.099]</P>
                <P Name="subviewer">351</P>
                <P Name="drawStyle">SMART</P>
                <slide>
                  <P Name="sticky">BOTH_STICK</P>
                </slide>
                <P Name="executionOrder">2</P>
              </transition>
              <transition SSID="158">
                <P Name="labelPosition">[367.619 428.716 8.947 17.934]</P>
                <P Name="fontSize">12</P>
                <src>
                  <P Name="SSID">62</P>
                  <P Name="intersection">[3 0 1 0 367.6192 402.6993 0 0]</P>
                </src>
                <dst>
                  <P Name="SSID">157</P>
                  <P Name="intersection">[1 0 -1 0.5 367.6192 462.7334 0 0]</P>
                </dst>
                <P Name="midPoint">[367.6192 428.7163]</P>
                <P Name="dataLimits">[365.219 370.019 402.699 462.733]</P>
                <P Name="subviewer">351</P>
                <P Name="drawStyle">SMART</P>
                <slide>
                  <P Name="sticky">BOTH_STICK</P>
                </slide>
                <P Name="executionOrder">1</P>
              </transition>
              <transition SSID="154">
                <P Name="labelPosition">[886.623 431.834 8.947 17.934]</P>
                <P Name="fontSize">12</P>
                <src>
                  <P Name="SSID">128</P>
                  <P Name="intersection">[3 0 1 0 886.6226 402.6993 0 0]</P>
                </src>
                <dst>
                  <P Name="SSID">149</P>
                  <P Name="intersection">[1 0 -1 0.7448 886.6226 468.9697 0 0]</P>
                </dst>
                <P Name="midPoint">[886.6226 431.8345]</P>
                <P Name="dataLimits">[884.223 889.023 402.699 468.97]</P>
                <P Name="subviewer">351</P>
                <P Name="drawStyle">SMART</P>
                <slide>
                  <P Name="sticky">BOTH_STICK</P>
                </slide>
                <P Name="executionOrder">1</P>
              </transition>
              <transition SSID="170">
                <P Name="labelPosition">[595.972 462.933 8.947 17.934]</P>
                <P Name="fontSize">12</P>
                <src>
                  <P Name="SSID">168</P>
                  <P Name="intersection">[1 0 -1 0 595.9725 491.1126 0 0]</P>
                </src>
                <dst>
                  <P Name="SSID">11</P>
                  <P Name="intersection">[3 0 1 0.7351 595.9725 426.7542 0 0]</P>
                </dst>
                <P Name="midPoint">[595.9725 462.9334]</P>
                <P Name="dataLimits">[593.572 598.372 426.754 491.113]</P>
                <P Name="subviewer">351</P>
                <P Name="drawStyle">SMART</P>
                <slide>
                  <P Name="sticky">BOTH_STICK</P>
                </slide>
                <P Name="executionOrder">1</P>
              </transition>
              <transition SSID="25">
                <P Name="labelPosition">[618 515.947 8.947 17.934]</P>
                <P Name="fontSize">12</P>
                <src>
                  <P Name="SSID">23</P>
                  <P Name="intersection">[1 0 -1 0 618.0002 604.3392 0 0]</P>
                </src>
                <dst>
                  <P Name="SSID">11</P>
                  <P Name="intersection">[3 0 1 0.5554 618.0002 426.7542 0 0]</P>
                </dst>
                <P Name="midPoint">[618.0002 515.9469]</P>
                <P Name="dataLimits">[615.6 620.4 426.754 604.339]</P>
                <P Name="subviewer">351</P>
                <P Name="drawStyle">SMART</P>
                <slide>
                  <P Name="sticky">BOTH_STICK</P>
                </slide>
                <P Name="executionOrder">1</P>
              </transition>
              <transition SSID="156">
                <P Name="labelPosition">[648.026 461.795 8.947 17.934]</P>
                <P Name="fontSize">12</P>
                <src>
                  <P Name="SSID">161</P>
                  <P Name="intersection">[1 0 -1 0 648.0261 491.1126 0 -29.2247]</P>
                </src>
                <dst>
                  <P Name="SSID">11</P>
                  <P Name="intersection">[3 0 1 0.3105 648.0261 426.7542 0 33.8699]</P>
                </dst>
                <P Name="midPoint">[648.0261 461.795]</P>
                <P Name="dataLimits">[645.626 650.426 426.754 491.113]</P>
                <P Name="subviewer">351</P>
                <P Name="drawStyle">SMART</P>
                <slide>
                  <P Name="sticky">BOTH_STICK</P>
                  <P Name="arcClockDir">COUNTER_CLOCKWISE</P>
                </slide>
                <P Name="executionOrder">1</P>
              </transition>
              <transition SSID="160">
                <P Name="labelString">[speed &gt;= down_th]</P>
                <P Name="labelPosition">[465.591 502.264 106.091 17.934]</P>
                <P Name="fontSize">12</P>
                <src>
                  <P Name="SSID">157</P>
                  <P Name="intersection">[2 1 0 0.4891 451.0587 498.1126 0 33.9379]</P>
                </src>
                <dst>
                  <P Name="SSID">168</P>
                  <P Name="intersection">[4 -1 0 0 588.9725 498.1126 0 -30.3881]</P>
                </dst>
                <P Name="midPoint">[516.0156 498.1126]</P>
                <P Name="dataLimits">[451.059 588.972 495.713 500.513]</P>
                <P Name="subviewer">351</P>
                <P Name="drawStyle">SMART</P>
                <slide>
                  <P Name="sticky">BOTH_STICK</P>
                </slide>
                <P Name="executionOrder">2</P>
              </transition>
              <transition SSID="164">
                <P Name="labelString">[speed &lt;= up_th]</P>
                <P Name="labelPosition">[665.042 501.437 92.03 17.934]</P>
                <P Name="fontSize">12</P>
                <src>
                  <P Name="SSID">149</P>
                  <P Name="intersection">[4 -1 0 0.5558 766.3968 498.1126 0 0]</P>
                </src>
                <dst>
                  <P Name="SSID">161</P>
                  <P Name="intersection">[2 1 0 0 655.0261 498.1126 0 0]</P>
                </dst>
                <P Name="midPoint">[714.7114 498.1126]</P>
                <P Name="dataLimits">[655.026 766.397 495.713 500.513]</P>
                <P Name="subviewer">351</P>
                <P Name="drawStyle">SMART</P>
                <slide>
                  <P Name="sticky">BOTH_STICK</P>
                </slide>
                <P Name="executionOrder">2</P>
              </transition>
              <transition SSID="155">
                <P Name="labelString">after(0.5,sec)
[speed&gt;up_th]</P>
                <P Name="labelPosition">[868.636 541.506 77.97 33.305]</P>
                <P Name="fontSize">12</P>
                <src>
                  <P Name="SSID">149</P>
                  <P Name="intersection">[3 0 1 0.3966 863.7961 534.5839 0 83.2422]</P>
                </src>
                <dst>
                  <P Name="SSID">13</P>
                  <P Name="intersection">[1 -0 -1 0.5113 863.7961 575.0293 0 -81.899]</P>
                </dst>
                <P Name="midPoint">[863.7992 551.4251]</P>
                <P Name="dataLimits">[861.396 866.196 534.584 575.029]</P>
                <P Name="stampAngle">NaN</P>
                <P Name="subviewer">351</P>
                <P Name="drawStyle">SMART</P>
                <slide>
                  <P Name="sticky">BOTH_STICK</P>
                </slide>
                <P Name="executionOrder">1</P>
              </transition>
              <transition SSID="159">
                <P Name="labelString">after(0.5, sec)
[speed &lt; down_th - 2]</P>
                <P Name="labelPosition">[375.209 541.799 117.656 30]</P>
                <P Name="fontSize">12</P>
                <src>
                  <P Name="SSID">157</P>
                  <P Name="intersection">[3 0 1 0.5106 365.8535 535.0664 0 22.2772]</P>
                </src>
                <dst>
                  <P Name="SSID">56</P>
                  <P Name="intersection">[1 0 -1 0.4783 365.8535 579.613 0 -22.2772]</P>
                </dst>
                <P Name="midPoint">[365.8535 554.0474]</P>
                <P Name="dataLimits">[363.454 368.253 535.066 579.613]</P>
                <P Name="stampAngle">NaN</P>
                <P Name="subviewer">351</P>
                <P Name="drawStyle">SMART</P>
                <slide>
                  <P Name="sticky">BOTH_STICK</P>
                </slide>
                <P Name="executionOrder">1</P>
              </transition>
              <transition SSID="60">
                <P Name="labelString">{GearState.Down;}</P>
                <P Name="labelPosition">[480.329 615.887 101.969 16]</P>
                <P Name="fontSize">12</P>
                <src>
                  <P Name="SSID">56</P>
                  <P Name="intersection">[2 1 0 0.4336 460.7991 611.3392 0 0]</P>
                </src>
                <dst>
                  <P Name="SSID">23</P>
                  <P Name="intersection">[4 -1 0 0 611.0002 611.3392 0 0]</P>
                </dst>
                <P Name="midPoint">[531.8996 611.3392]</P>
                <P Name="dataLimits">[460.799 611 608.939 613.739]</P>
                <P Name="subviewer">351</P>
                <P Name="drawStyle">SMART</P>
                <slide>
                  <P Name="sticky">BOTH_STICK</P>
                </slide>
                <P Name="executionOrder">1</P>
              </transition>
              <transition SSID="24">
                <P Name="labelString">{GearState.Up;}</P>
                <P Name="labelPosition">[655.503 616.778 86.641 16]</P>
                <P Name="fontSize">12</P>
                <src>
                  <P Name="SSID">13</P>
                  <P Name="intersection">[4 -1 0 0.5013 767.192 611.3392 0 0]</P>
                </src>
                <dst>
                  <P Name="SSID">23</P>
                  <P Name="intersection">[2 1 0 0 625.0002 611.3392 0 0]</P>
                </dst>
                <P Name="midPoint">[700.0961 611.3392]</P>
                <P Name="dataLimits">[625 767.192 608.939 613.739]</P>
                <P Name="subviewer">351</P>
                <P Name="drawStyle">SMART</P>
                <slide>
                  <P Name="sticky">BOTH_STICK</P>
                </slide>
                <P Name="executionOrder">1</P>
              </transition>
              <junction SSID="62">
                <P Name="position">[367.6192 395.6993 7]</P>
                <P Name="subviewer">351</P>
                <P Name="quantum">[0 63 158 0]</P>
                <P Name="type">CONNECTIVE_JUNCTION</P>
              </junction>
              <junction SSID="128">
                <P Name="position">[886.6226 395.6993 7]</P>
                <P Name="subviewer">351</P>
                <P Name="quantum">[0 0 154 21]</P>
                <P Name="type">CONNECTIVE_JUNCTION</P>
              </junction>
              <junction SSID="168">
                <P Name="position">[595.9725 498.1126 7]</P>
                <P Name="subviewer">351</P>
                <P Name="quantum">[170 0 0 160]</P>
                <P Name="type">CONNECTIVE_JUNCTION</P>
              </junction>
              <junction SSID="161">
                <P Name="position">[648.0261 498.1126 7]</P>
                <P Name="subviewer">351</P>
                <P Name="quantum">[156 164 0 0]</P>
                <P Name="type">CONNECTIVE_JUNCTION</P>
              </junction>
              <junction SSID="23">
                <P Name="position">[618.0002 611.3392 7]</P>
                <P Name="subviewer">351</P>
                <P Name="quantum">[25 24 0 60]</P>
                <P Name="type">CONNECTIVE_JUNCTION</P>
              </junction>
            </Children>
          </state>
          <state SSID="40">
            <P Name="labelString">up_th = calc_up(gear,pedal)</P>
            <P Name="position">[1033.9554 402.1375 222.0038 48.4442]</P>
            <P Name="fontSize">12</P>
            <P Name="superState">SUBCHART</P>
            <P Name="subviewer">351</P>
            <P Name="type">FUNC_STATE</P>
            <P Name="decomposition">CLUSTER_STATE</P>
            <simulink>
              <P Name="isSimulinkFcn">1</P>
              <P Name="blockName">calc_up</P>
            </simulink>
            <Children>
              <data SSID="36" name="gear">
                <P Name="scope">FUNCTION_INPUT_DATA</P>
                <props>
                  <array>
                    <P Name="size">-1</P>
                  </array>
                  <type>
                    <P Name="method">SF_INHERITED_TYPE</P>
                    <P Name="primitive">SF_DOUBLE_TYPE</P>
                    <P Name="isSigned">1</P>
                    <P Name="wordLength">16</P>
                  </type>
                  <P Name="complexity">SF_COMPLEX_INHERITED</P>
                  <P Name="frame">SF_FRAME_INHERITED</P>
                  <unit>
                    <P Name="name">inherit</P>
                  </unit>
                </props>
                <P Name="dataType">Inherit: Same as Simulink</P>
              </data>
              <data SSID="37" name="pedal">
                <P Name="scope">FUNCTION_INPUT_DATA</P>
                <props>
                  <array>
                    <P Name="size">-1</P>
                  </array>
                  <type>
                    <P Name="method">SF_INHERITED_TYPE</P>
                    <P Name="primitive">SF_DOUBLE_TYPE</P>
                    <P Name="isSigned">1</P>
                    <P Name="wordLength">16</P>
                  </type>
                  <P Name="complexity">SF_COMPLEX_INHERITED</P>
                  <P Name="frame">SF_FRAME_INHERITED</P>
                  <unit>
                    <P Name="name">inherit</P>
                  </unit>
                </props>
                <P Name="dataType">Inherit: Same as Simulink</P>
              </data>
              <data SSID="39" name="up_th">
                <P Name="scope">FUNCTION_OUTPUT_DATA</P>
                <props>
                  <array>
                    <P Name="size">-1</P>
                    <P Name="isDynamic">1</P>
                  </array>
                  <type>
                    <P Name="method">SF_INHERITED_TYPE</P>
                    <P Name="primitive">SF_DOUBLE_TYPE</P>
                    <P Name="isSigned">1</P>
                    <P Name="wordLength">16</P>
                  </type>
                  <P Name="complexity">SF_COMPLEX_INHERITED</P>
                  <P Name="frame">SF_FRAME_INHERITED</P>
                  <unit>
                    <P Name="name">inherit</P>
                  </unit>
                </props>
                <P Name="dataType">Inherit: Same as Simulink</P>
              </data>
            </Children>
          </state>
          <state SSID="75">
            <P Name="labelString">down_th = calc_down(gear,pedal)</P>
            <P Name="position">[1033.9554 477.5547 222.0038 48.4442]</P>
            <P Name="fontSize">12</P>
            <P Name="superState">SUBCHART</P>
            <P Name="subviewer">351</P>
            <P Name="type">FUNC_STATE</P>
            <P Name="decomposition">CLUSTER_STATE</P>
            <simulink>
              <P Name="isSimulinkFcn">1</P>
              <P Name="blockName">calc_down</P>
            </simulink>
            <Children>
              <data SSID="72" name="gear">
                <P Name="scope">FUNCTION_INPUT_DATA</P>
                <props>
                  <array>
                    <P Name="size">-1</P>
                  </array>
                  <type>
                    <P Name="method">SF_INHERITED_TYPE</P>
                    <P Name="primitive">SF_DOUBLE_TYPE</P>
                    <P Name="isSigned">1</P>
                    <P Name="wordLength">16</P>
                  </type>
                  <P Name="complexity">SF_COMPLEX_INHERITED</P>
                  <P Name="frame">SF_FRAME_INHERITED</P>
                  <unit>
                    <P Name="name">inherit</P>
                  </unit>
                </props>
                <P Name="dataType">Inherit: Same as Simulink</P>
              </data>
              <data SSID="73" name="pedal">
                <P Name="scope">FUNCTION_INPUT_DATA</P>
                <props>
                  <array>
                    <P Name="size">-1</P>
                  </array>
                  <type>
                    <P Name="method">SF_INHERITED_TYPE</P>
                    <P Name="primitive">SF_DOUBLE_TYPE</P>
                    <P Name="isSigned">1</P>
                    <P Name="wordLength">16</P>
                  </type>
                  <P Name="complexity">SF_COMPLEX_INHERITED</P>
                  <P Name="frame">SF_FRAME_INHERITED</P>
                  <unit>
                    <P Name="name">inherit</P>
                  </unit>
                </props>
                <P Name="dataType">Inherit: Same as Simulink</P>
              </data>
              <data SSID="74" name="down_th">
                <P Name="scope">FUNCTION_OUTPUT_DATA</P>
                <props>
                  <array>
                    <P Name="size">-1</P>
                    <P Name="isDynamic">1</P>
                  </array>
                  <type>
                    <P Name="method">SF_INHERITED_TYPE</P>
                    <P Name="primitive">SF_DOUBLE_TYPE</P>
                    <P Name="isSigned">1</P>
                    <P Name="wordLength">16</P>
                  </type>
                  <P Name="complexity">SF_COMPLEX_INHERITED</P>
                  <P Name="frame">SF_FRAME_INHERITED</P>
                  <unit>
                    <P Name="name">inherit</P>
                  </unit>
                </props>
                <P Name="dataType">Inherit: Same as Simulink</P>
              </data>
            </Children>
          </state>
          <state SSID="197">
            <P Name="labelString">SpdThr = calc(gear,pedal,speed)</P>
            <P Name="position">[1033.6931 556.9862 222.5285 52.7185]</P>
            <P Name="fontSize">12</P>
            <P Name="superState">SUBCHART</P>
            <P Name="subviewer">351</P>
            <P Name="type">FUNC_STATE</P>
            <P Name="decomposition">CLUSTER_STATE</P>
            <simulink>
              <P Name="isSimulinkFcn">1</P>
              <P Name="blockName">calc</P>
            </simulink>
            <Children>
              <data SSID="194" name="gear">
                <P Name="scope">FUNCTION_INPUT_DATA</P>
                <props>
                  <array>
                    <P Name="size">-1</P>
                  </array>
                  <type>
                    <P Name="method">SF_INHERITED_TYPE</P>
                    <P Name="primitive">SF_DOUBLE_TYPE</P>
                    <P Name="isSigned">1</P>
                    <P Name="wordLength">16</P>
                  </type>
                  <P Name="complexity">SF_COMPLEX_INHERITED</P>
                  <P Name="frame">SF_FRAME_INHERITED</P>
                  <unit>
                    <P Name="name">inherit</P>
                  </unit>
                </props>
                <P Name="dataType">Inherit: Same as Simulink</P>
              </data>
              <data SSID="195" name="pedal">
                <P Name="scope">FUNCTION_INPUT_DATA</P>
                <props>
                  <array>
                    <P Name="size">-1</P>
                  </array>
                  <type>
                    <P Name="method">SF_INHERITED_TYPE</P>
                    <P Name="primitive">SF_DOUBLE_TYPE</P>
                    <P Name="isSigned">1</P>
                    <P Name="wordLength">16</P>
                  </type>
                  <P Name="complexity">SF_COMPLEX_INHERITED</P>
                  <P Name="frame">SF_FRAME_INHERITED</P>
                  <unit>
                    <P Name="name">inherit</P>
                  </unit>
                </props>
                <P Name="dataType">Inherit: Same as Simulink</P>
              </data>
              <data SSID="196" name="SpdThr">
                <P Name="scope">FUNCTION_OUTPUT_DATA</P>
                <props>
                  <array>
                    <P Name="size">-1</P>
                    <P Name="isDynamic">1</P>
                  </array>
                  <type>
                    <P Name="method">SF_INHERITED_TYPE</P>
                    <P Name="primitive">SF_DOUBLE_TYPE</P>
                    <P Name="isSigned">1</P>
                    <P Name="wordLength">16</P>
                  </type>
                  <P Name="complexity">SF_COMPLEX_INHERITED</P>
                  <P Name="frame">SF_FRAME_INHERITED</P>
                  <unit>
                    <P Name="name">inherit</P>
                  </unit>
                </props>
                <P Name="dataType">Inherit: Same as Simulink</P>
              </data>
              <data SSID="201" name="speed">
                <P Name="scope">FUNCTION_INPUT_DATA</P>
                <props>
                  <array>
                    <P Name="size">-1</P>
                  </array>
                  <type>
                    <P Name="method">SF_INHERITED_TYPE</P>
                    <P Name="primitive">SF_DOUBLE_TYPE</P>
                    <P Name="isSigned">1</P>
                    <P Name="wordLength">16</P>
                  </type>
                  <P Name="complexity">SF_COMPLEX_INHERITED</P>
                  <P Name="frame">SF_FRAME_INHERITED</P>
                  <unit>
                    <P Name="name">inherit</P>
                  </unit>
                </props>
                <P Name="dataType">Inherit: Same as Simulink</P>
              </data>
            </Children>
          </state>
          <data SSID="46" name="GearState">
            <P Name="scope">OUTPUT_DATA</P>
            <props>
              <type>
                <P Name="primitive">SF_INT8_TYPE</P>
                <P Name="isSigned">1</P>
                <P Name="wordLength">16</P>
              </type>
              <P Name="frame">SF_FRAME_NO</P>
              <unit>
                <P Name="name">inherit</P>
              </unit>
            </props>
            <P Name="dataType">int8</P>
          </data>
          <data SSID="51" name="speed">
            <P Name="scope">INPUT_DATA</P>
            <props>
              <array>
                <P Name="size">-1</P>
              </array>
              <type>
                <P Name="method">SF_INHERITED_TYPE</P>
                <P Name="primitive">SF_DOUBLE_TYPE</P>
                <P Name="isSigned">1</P>
                <P Name="wordLength">16</P>
              </type>
              <P Name="frame">SF_FRAME_INHERITED</P>
              <unit>
                <P Name="name">inherit</P>
              </unit>
            </props>
            <P Name="dataType">Inherit: Same as Simulink</P>
          </data>
          <data SSID="52" name="pedal">
            <P Name="scope">INPUT_DATA</P>
            <props>
              <array>
                <P Name="size">-1</P>
              </array>
              <type>
                <P Name="method">SF_INHERITED_TYPE</P>
                <P Name="primitive">SF_DOUBLE_TYPE</P>
                <P Name="isSigned">1</P>
                <P Name="wordLength">16</P>
              </type>
              <P Name="frame">SF_FRAME_INHERITED</P>
              <unit>
                <P Name="name">inherit</P>
              </unit>
            </props>
            <P Name="dataType">Inherit: Same as Simulink</P>
          </data>
          <data SSID="334" name="clutchControl">
            <P Name="scope">LOCAL_DATA</P>
            <props>
              <type>
                <P Name="primitive">SF_DOUBLE_TYPE</P>
                <P Name="isSigned">1</P>
                <P Name="wordLength">16</P>
              </type>
              <unit>
                <P Name="name">inherit</P>
              </unit>
            </props>
            <P Name="dataType">double</P>
          </data>
          <data SSID="339" name="SpdThr">
            <P Name="scope">LOCAL_DATA</P>
            <props>
              <type>
                <P Name="primitive">SF_DOUBLE_TYPE</P>
                <P Name="isSigned">1</P>
                <P Name="wordLength">16</P>
              </type>
              <unit>
                <P Name="name">inherit</P>
              </unit>
            </props>
            <P Name="dataType">double</P>
          </data>
          <data SSID="343" name="Neutral">
            <P Name="scope">INPUT_DATA</P>
            <props>
              <array>
                <P Name="size">-1</P>
              </array>
              <type>
                <P Name="method">SF_INHERITED_TYPE</P>
                <P Name="primitive">SF_DOUBLE_TYPE</P>
                <P Name="isSigned">1</P>
                <P Name="wordLength">16</P>
              </type>
              <P Name="frame">SF_FRAME_INHERITED</P>
              <unit>
                <P Name="name">inherit</P>
              </unit>
            </props>
            <P Name="dataType">Inherit: Same as Simulink</P>
          </data>
          <data SSID="53" name="up_th">
            <P Name="scope">LOCAL_DATA</P>
            <props>
              <type>
                <P Name="primitive">SF_DOUBLE_TYPE</P>
                <P Name="isSigned">1</P>
                <P Name="wordLength">16</P>
              </type>
              <P Name="frame">SF_FRAME_NO</P>
              <unit>
                <P Name="name">inherit</P>
              </unit>
            </props>
            <P Name="dataType">double</P>
          </data>
          <data SSID="79" name="down_th">
            <P Name="scope">LOCAL_DATA</P>
            <props>
              <type>
                <P Name="primitive">SF_DOUBLE_TYPE</P>
                <P Name="isSigned">1</P>
                <P Name="wordLength">16</P>
              </type>
              <P Name="frame">SF_FRAME_NO</P>
              <unit>
                <P Name="name">inherit</P>
              </unit>
            </props>
            <P Name="dataType">double</P>
          </data>
        </Children>
      </chart>
    </Children>
  </machine>
  <instance id="427">
    <P Name="machine">350</P>
    <P Name="name">Controllers/Transmission Controller/TCM/TCM Shift Controller</P>
    <P Name="chart">351</P>
  </instance>
</Stateflow>
